{
  "jupyter.lab.setting-icon": "jupyter-archive:archive",
  "title": "Archive",
  "description": "Archive handler options.",
  "properties": {
    "format": {
      "enum": [
        "",
        "zip",
        "tgz",
        "tar.gz",
        "tbz",
        "tbz2",
        "tar.bz",
        "tar.bz2",
        "txz",
        "tar.xz"
      ],
      "title": "Archive format",
      "description": "Archive format for compressing folder; one of ['' (submenu), 'zip', 'tgz', 'tar.gz', 'tbz', 'tbz2', 'tar.bz', 'tar.bz2', 'txz', 'tar.xz']",
      "default": "zip"
    },
    "followSymlinks": {
      "enum": ["true", "false"],
      "title": "Follow Symlinks",
      "description": "Whether or not to resolve symlinks and add resulting files to the archive; one of ['true', 'false']",
      "default": "true"
    },
    "downloadHidden": {
      "enum": ["true", "false"],
      "title": "Download Hidden Files",
      "description": "Whether or not to add hidden files to the archive when downloading; one of ['true', 'false']",
      "default": "false"
    }
  },
  "additionalProperties": false,
  "type": "object"
}
