{"info": {"arch": "wasm32", "platform": "emscripten_3_1_27", "version": "0.22.1", "python": "3.10.2"}, "packages": {"asciitree": {"name": "asciitree", "version": "0.3.3", "file_name": "asciitree-0.3.3-py3-none-any.whl", "install_dir": "site", "sha256": "acd03ae5191c4c65a700a41d8b9e73df669f710652efdb809753e99a0f7d5adb", "imports": ["asciitree"], "depends": []}, "astropy": {"name": "astropy", "version": "5.2", "file_name": "astropy-5.2-cp310-cp310-emscripten_3_1_27_wasm32.whl", "install_dir": "site", "sha256": "74f7fd025a42f56d63b8abe55687bf9d4dac5fc4050969ce8a25dfd21c6a3950", "imports": ["astropy"], "depends": ["distutils", "packaging", "numpy", "pyerfa", "pyyaml"]}, "atomicwrites": {"name": "atomicwrites", "version": "1.4.1", "file_name": "atomicwrites-1.4.1-py2.py3-none-any.whl", "install_dir": "site", "sha256": "9717ab263ae5ca817b083ed6b35d32fcf2a027dea550d9a22ccea00fa329ea50", "imports": ["atomicwrites"], "depends": []}, "attrs": {"name": "attrs", "version": "22.1.0", "file_name": "attrs-22.1.0-py2.py3-none-any.whl", "install_dir": "site", "sha256": "b4662784ca3af455d350b41b6398c18c1e3cca23c2336759bd41753a2d43f546", "imports": ["attr", "attrs"], "depends": ["six"]}, "autograd": {"name": "autograd", "version": "1.5", "file_name": "autograd-1.5-py3-none-any.whl", "install_dir": "site", "sha256": "4678cf0bc24920aae2d72089b8d413b4f28e66834393fd0847e28d3ca9426480", "imports": ["autograd"], "depends": ["numpy", "future"], "unvendored_tests": true}, "autograd-tests": {"name": "autograd-tests", "version": "1.5", "depends": ["autograd"], "imports": [], "file_name": "autograd-tests.tar", "install_dir": "site", "sha256": "50c632ebc25e8c204b0ee57befa373ee7d1252a008600f5bc3acf6da3e8e245c"}, "bcrypt": {"name": "bcrypt", "version": "4.0.1", "file_name": "bcrypt-4.0.1-cp310-cp310-emscripten_3_1_27_wasm32.whl", "install_dir": "site", "sha256": "7ddf244fad1f431bf304e4302b8fd2655d48a54074a9655867bc8b96a76fe6a3", "imports": ["bcrypt"], "depends": []}, "beautifulsoup4": {"name": "beautifulsoup4", "version": "4.11.1", "file_name": "beautifulsoup4-4.11.1-py3-none-any.whl", "install_dir": "site", "sha256": "f2c3d5a4f108a5707b4cad6bda42dcb027c5ed9f338041e0e6d6ac6ef8994e60", "imports": ["bs4"], "depends": ["soupsieve"], "unvendored_tests": true}, "beautifulsoup4-tests": {"name": "beautifulsoup4-tests", "version": "4.11.1", "depends": ["beautifulsoup4"], "imports": [], "file_name": "beautifulsoup4-tests.tar", "install_dir": "site", "sha256": "6450f71b894dbad10769ef150b0bb0555e6e9bf2f2b07465a2db121bec9a7b48"}, "biopython": {"name": "biopython", "version": "1.80", "file_name": "biopython-1.80-cp310-cp310-emscripten_3_1_27_wasm32.whl", "install_dir": "site", "sha256": "11f6bf5e75eb8d47d5fed5249cbf9634db9fec27c48dd9ecf950a43e03132788", "imports": ["Bio", "BioSQL"], "depends": ["numpy"]}, "bitarray": {"name": "bitarray", "version": "2.6.0", "file_name": "bitarray-2.6.0-cp310-cp310-emscripten_3_1_27_wasm32.whl", "install_dir": "site", "sha256": "51f3da477a0002b1f2f39ce5c315910c7d2d97d0658660c441d4d8f021ebb766", "imports": ["bitarray"], "depends": [], "unvendored_tests": true}, "bitarray-tests": {"name": "bitarray-tests", "version": "2.6.0", "depends": ["bitarray"], "imports": [], "file_name": "bitarray-tests.tar", "install_dir": "site", "sha256": "f149d7c99d611a46fcaea45a6b5a71a8d10709ec8f35175084f77029b56642d7"}, "bleach": {"name": "bleach", "version": "5.0.1", "file_name": "bleach-5.0.1-py3-none-any.whl", "install_dir": "site", "sha256": "04497728cec44c6c1cd206fdf23bcdd370f04ccff6ba5a6a97b82e47efa9779b", "imports": ["bleach"], "depends": ["webencodings", "packaging", "six"]}, "bokeh": {"name": "bokeh", "version": "3.0.3", "file_name": "bokeh-3.0.3-py3-none-any.whl", "install_dir": "site", "sha256": "258fed4e99b5ff6e6f71adc167d78688c98ee7f242cce1cf0e1bb5c0e9bb090c", "imports": ["bokeh"], "depends": ["distutils", "numpy", "jinja2", "pillow", "python-dateutil", "six", "typing-extensions", "pyyaml"]}, "boost-histogram": {"name": "boost-histogram", "version": "1.3.2", "file_name": "boost_histogram-1.3.2-cp310-cp310-emscripten_3_1_27_wasm32.whl", "install_dir": "site", "sha256": "4477b70a91c3f4bd2e1302cf1e085ebace6b4da094da82be6b0f6e92da80c3e0", "imports": ["boost_histogram"], "depends": ["numpy"]}, "brotli": {"name": "brotli", "version": "1.0.9", "file_name": "Brotli-1.0.9-cp310-cp310-emscripten_3_1_27_wasm32.whl", "install_dir": "site", "sha256": "b3b8ccb9a53c60062712e9c21f06a1a69bec5d762b819015582818c9802a025a", "imports": ["brotli"], "depends": []}, "certifi": {"name": "certifi", "version": "2022.12.7", "file_name": "certifi-2022.12.7-py3-none-any.whl", "install_dir": "site", "sha256": "cc00aab8271a9a05c8ce867effce3f272a547abd0eee2b9f9d41cf62e64386a2", "imports": ["certifi"], "depends": []}, "cffi": {"name": "cffi", "version": "1.15.1", "file_name": "cffi-1.15.1-cp310-cp310-emscripten_3_1_27_wasm32.whl", "install_dir": "site", "sha256": "a85b9cf24cbd99871844eb26ca2c3d544e321706cd2d348f56f700af9a81755c", "imports": ["cffi"], "depends": ["pycparser"]}, "cffi_example": {"name": "cffi_example", "version": "0.1", "file_name": "cffi_example-0.1-cp310-cp310-emscripten_3_1_27_wasm32.whl", "install_dir": "site", "sha256": "9926a957d5a61302627b338afb392b825c3b0163dcfd743426f30799104c4278", "imports": ["cffi_example"], "depends": ["cffi"]}, "cftime": {"name": "cftime", "version": "1.6.2", "file_name": "cftime-1.6.2-cp310-cp310-emscripten_3_1_27_wasm32.whl", "install_dir": "site", "sha256": "8b0877e16215af45b6af1306e10fc85807d9c7751a3c4cc401c6d051e4e94f8c", "imports": ["cftime"], "depends": ["numpy"]}, "clapack": {"name": "CLAPACK", "version": "3.2.1", "file_name": "CLAPACK-3.2.1.zip", "install_dir": "dynlib", "sha256": "b60ccdc815c71da5435d843ed5aa6e9a58a22dc15adc2d83af1e6c0b82b7042d", "imports": [], "shared_library": true, "depends": []}, "click": {"name": "click", "version": "8.1.3", "file_name": "click-8.1.3-py3-none-any.whl", "install_dir": "site", "sha256": "e8ddf7fc8e57e2b7cf2bdfc16244591bebb0b5df9f4573d9c1204621d28f066b", "imports": ["click"], "depends": []}, "cligj": {"name": "cligj", "version": "0.7.2", "file_name": "cligj-0.7.2-py3-none-any.whl", "install_dir": "site", "sha256": "a6ea5a4832ea7d2800d60e07a175e5bad0db598f48573da07c90fb6611aa11fb", "imports": ["cligj"], "depends": ["click"]}, "cloudpickle": {"name": "cloudpickle", "version": "2.2.0", "file_name": "cloudpickle-2.2.0-py3-none-any.whl", "install_dir": "site", "sha256": "1eb6aa50d4dd745120a1bd4750ca5e4eb7af3129f6b577c6f996ec83d077cf67", "imports": ["cloudpickle"], "depends": []}, "cmyt": {"name": "cmyt", "version": "1.1.2", "file_name": "cmyt-1.1.2-py3-none-any.whl", "install_dir": "site", "sha256": "dc36b177b6064705526775e0fac9a9646781a5ed690fcd381e08dd78b5a2e4cf", "imports": ["cmyt"], "depends": ["colorspacious", "matplotlib", "more-itertools", "numpy"], "unvendored_tests": true}, "cmyt-tests": {"name": "cmyt-tests", "version": "1.1.2", "depends": ["cmyt"], "imports": [], "file_name": "cmyt-tests.tar", "install_dir": "site", "sha256": "c4e9b9fc481ebcb493f3267d42f995624f579ed91a518237e557584bd1f7c718"}, "colorspacious": {"name": "colorspacious", "version": "1.1.2", "file_name": "colorspacious-1.1.2-py2.py3-none-any.whl", "install_dir": "site", "sha256": "77eb9a0edcf975b2f031595e1b1f42646b334d0e63530ebe616502af0f6c732f", "imports": ["colorspacious"], "depends": ["numpy"]}, "coverage": {"name": "coverage", "version": "6.5.0", "file_name": "coverage-6.5.0-cp310-cp310-emscripten_3_1_27_wasm32.whl", "install_dir": "site", "sha256": "5d40dad8837c033e52a2027fad6c800a1474c9b6d3197dc86a4db158547b1892", "imports": ["coverage"], "depends": ["sqlite3"]}, "cpp-exceptions-test": {"name": "cpp-exceptions-test", "version": "0.1", "file_name": "cpp-exceptions-test-0.1.zip", "install_dir": "dynlib", "sha256": "ea2e89fd7ea82bdd850062748b29fc055f17db0234aafee05394f956e9531bb2", "imports": [], "shared_library": true, "depends": []}, "cryptography": {"name": "cryptography", "version": "38.0.4", "file_name": "cryptography-38.0.4-cp310-cp310-emscripten_3_1_27_wasm32.whl", "install_dir": "site", "sha256": "c84cfae7337a31fe5d050780bb17c90470aaa3c26a1afb01d2a332372cf72763", "imports": ["cryptography"], "depends": ["openssl", "six", "cffi"]}, "cssselect": {"name": "cssselect", "version": "1.2.0", "file_name": "cssselect-1.2.0-py2.py3-none-any.whl", "install_dir": "site", "sha256": "b05bcbee5cae0bbc7431c5afc5c1fa13e64e64385a5263a302bda12bee9e8711", "imports": ["cssselect"], "depends": []}, "cycler": {"name": "cycler", "version": "0.11.0", "file_name": "cycler-0.11.0-py3-none-any.whl", "install_dir": "site", "sha256": "3ce62764e2e368e743a628db85d82271944aaeaf46a1b63c96fc8750bb9112fd", "imports": ["cycler"], "depends": ["six"]}, "cytoolz": {"name": "cytoolz", "version": "0.12.0", "file_name": "cytoolz-0.12.0-cp310-cp310-emscripten_3_1_27_wasm32.whl", "install_dir": "site", "sha256": "95a043ffeb82a0c582ddb119b832e161b648d27dbd715050d95ac0de91eba7a4", "imports": ["cytoolz"], "depends": ["nose", "toolz"], "unvendored_tests": true}, "cytoolz-tests": {"name": "cytoolz-tests", "version": "0.12.0", "depends": ["cytoolz"], "imports": [], "file_name": "cytoolz-tests.tar", "install_dir": "site", "sha256": "99284c3e66662eb26e42043f5303858b5dbaa96eeb41f6fe61900558540d84e6"}, "decorator": {"name": "decorator", "version": "5.1.1", "file_name": "decorator-5.1.1-py3-none-any.whl", "install_dir": "site", "sha256": "2da7f0d3c8a3f9f352a993a360f2e7ccef5666a62fc4aa870b9f451f75cd8493", "imports": ["decorator"], "depends": []}, "demes": {"name": "demes", "version": "0.2.2", "file_name": "demes-0.2.2-py3-none-any.whl", "install_dir": "site", "sha256": "54884aae3db03ed24d03e158d43a547e01bf06b5e43e27ffef81435ff2f2dffb", "imports": ["demes"], "depends": ["attrs", "ruamel.yaml"]}, "distlib": {"name": "distlib", "version": "0.3.6", "file_name": "distlib-0.3.6-py2.py3-none-any.whl", "install_dir": "site", "sha256": "abcb7e1bdb9a5c909a777f6b37276260856393d514780b0c79cb926866d4e161", "imports": ["distlib"], "depends": []}, "distutils": {"name": "distutils", "version": "1.0.0", "file_name": "distutils-1.0.0.zip", "install_dir": "stdlib", "sha256": "4768c0334da801957b602d990c2e3f12eeed0eb83341b17799fb8747e6fd92ec", "imports": ["distutils"], "shared_library": true, "depends": []}, "docutils": {"name": "docutils", "version": "0.19", "file_name": "docutils-0.19-py3-none-any.whl", "install_dir": "site", "sha256": "3f5fa3e2cc5e96048f779b2f07d7dfbd888a317186a9d0b0684ed283cc6ed051", "imports": ["docutils"], "depends": []}, "exceptiongroup": {"name": "exceptiongroup", "version": "1.0.4", "file_name": "exceptiongroup-1.0.4-py3-none-any.whl", "install_dir": "site", "sha256": "a9e968aa91222cc4b1abf2a4b8df5f28a0d5a3ce7b21a28559f4b93494a83cd1", "imports": ["exceptiongroup"], "depends": []}, "fiona": {"name": "fiona", "version": "1.8.22", "file_name": "Fiona-1.8.22-cp310-cp310-emscripten_3_1_27_wasm32.whl", "install_dir": "site", "sha256": "e04e79b30b003836f3fb9ae93e3e8866a6e8802bf6fc4a997c52369c74f2b0df", "imports": ["fiona"], "depends": ["attrs", "certifi", "setuptools", "six", "click", "cligj"]}, "fonttools": {"name": "fonttools", "version": "4.38.0", "file_name": "fonttools-4.38.0-py3-none-any.whl", "install_dir": "site", "sha256": "95aaa100a24a56965712316c1786bdfa6e58ea1599073871660649671083dcfc", "imports": ["fontTools"], "depends": []}, "fpcast-test": {"name": "fpcast-test", "version": "0.1", "file_name": "fpcast_test-0.1.1-cp310-cp310-emscripten_3_1_27_wasm32.whl", "install_dir": "site", "sha256": "72635f9444095a767d1fe8879fda4aa04bbb4a635486bbda2e809079db8c5922", "imports": ["fpcast_test"], "depends": []}, "freesasa": {"name": "freesasa", "version": "2.1.0", "file_name": "freesasa-2.1.0-cp310-cp310-emscripten_3_1_27_wasm32.whl", "install_dir": "site", "sha256": "c6b93537499e4e23cba06c5299ac5dc9af03e6ff73ad7261141c74145d95da57", "imports": ["freesasa"], "depends": []}, "future": {"name": "future", "version": "0.18.2", "file_name": "future-0.18.2-py3-none-any.whl", "install_dir": "site", "sha256": "9d3bbc13fbb6b9d29ca06ffe3f772ee9aaf0146714a86d6c5bc0689065e5e163", "imports": ["future"], "depends": [], "unvendored_tests": true}, "future-tests": {"name": "future-tests", "version": "0.18.2", "depends": ["future"], "imports": [], "file_name": "future-tests.tar", "install_dir": "site", "sha256": "8f2661a097ff40d3804a3a76abce5d44b6d6f6fac7c4bd7d401087b021c448be"}, "galpy": {"name": "galpy", "version": "1.8.1", "file_name": "galpy-1.8.1-cp310-cp310-emscripten_3_1_27_wasm32.whl", "install_dir": "site", "sha256": "f9169baabce785e06fa9c4ac87da93483320ef2b6f0b4abf37c6df8a7c4167a1", "imports": ["galpy"], "depends": ["numpy", "scipy", "matplotlib", "astropy", "future", "setuptools"]}, "gdal": {"name": "gdal", "version": "3.5.1", "file_name": "gdal-3.5.1.zip", "install_dir": "dynlib", "sha256": "a62ae5686644d67479fd56bcd05dacb28133a9bd1e93d9724a5d40dde5b6e501", "imports": [], "shared_library": true, "depends": ["geos"]}, "gensim": {"name": "gensim", "version": "4.3.0", "file_name": "gensim-4.3.0-cp310-cp310-emscripten_3_1_27_wasm32.whl", "install_dir": "site", "sha256": "cc21cc57777291ca9612d3f2469445d28ae4ac951bcdac42080e476e8dbc0a3e", "imports": ["gensim"], "depends": ["numpy", "scipy", "six", "smart_open"], "unvendored_tests": true}, "gensim-tests": {"name": "gensim-tests", "version": "4.3.0", "depends": ["gensim"], "imports": [], "file_name": "gensim-tests.tar", "install_dir": "site", "sha256": "e77e27591ea4073839fe8fcb787709c4b41fa8f434feb72fc38151c8dbb7aacd"}, "geopandas": {"name": "geopandas", "version": "0.12.2", "file_name": "geopandas-0.12.2-py3-none-any.whl", "install_dir": "site", "sha256": "c5f69ead745bdf6b964e8bff517e1138a0a2bf7a2678a15abf21b4c7c8809506", "imports": ["geopandas"], "depends": ["shapely", "fiona", "pyproj", "packaging", "pandas"], "unvendored_tests": true}, "geopandas-tests": {"name": "geopandas-tests", "version": "0.12.2", "depends": ["geopandas"], "imports": [], "file_name": "geopandas-tests.tar", "install_dir": "site", "sha256": "b6dd3f2ce55068980d932a7948d76ed940c1a8fcacedd565cf4bd58a55fc03f6"}, "geos": {"name": "geos", "version": "3.10.3", "file_name": "geos-3.10.3.zip", "install_dir": "dynlib", "sha256": "aef13007dac67781600fbd7b60dca000ca6ce7dab33df5d041f7b098ccd4ea36", "imports": [], "shared_library": true, "depends": []}, "gmpy2": {"name": "gmpy2", "version": "2.1.4", "file_name": "gmpy2-2.1.4-cp310-cp310-emscripten_3_1_27_wasm32.whl", "install_dir": "site", "sha256": "34c9a9724835a38448e996a2c269d47a1cbacc775891ea1c1016effc1179cd7d", "imports": ["gmpy2"], "depends": []}, "gsw": {"name": "gsw", "version": "3.6.16", "file_name": "gsw-3.6.16-cp310-cp310-emscripten_3_1_27_wasm32.whl", "install_dir": "site", "sha256": "d9a47e6b86605dd22173463ea1b3f4077296775008752392a4c9b31a8122e868", "imports": ["gsw"], "depends": ["numpy"], "unvendored_tests": true}, "gsw-tests": {"name": "gsw-tests", "version": "3.6.16", "depends": ["gsw"], "imports": [], "file_name": "gsw-tests.tar", "install_dir": "site", "sha256": "812a4299391496671b878d204b0234f7ba6486a2f6fdbab0ba6024e15b1759d9"}, "h5py": {"name": "h5py", "version": "3.7.0", "file_name": "h5py-3.7.0-cp310-cp310-emscripten_3_1_27_wasm32.whl", "install_dir": "site", "sha256": "e373de88de32b30a61f08943ea977f13accee4f4bffe3a24594404408b47dade", "imports": ["h5py"], "depends": ["numpy", "pkgconfig"], "unvendored_tests": true}, "h5py-tests": {"name": "h5py-tests", "version": "3.7.0", "depends": ["h5py"], "imports": [], "file_name": "h5py-tests.tar", "install_dir": "site", "sha256": "da0f135889f008018c333387635a31979d5ef79d6232e3ca3b5d4b5e96c5b9a7"}, "hashlib": {"name": "hashlib", "version": "1.0.0", "file_name": "hashlib-1.0.0.zip", "install_dir": "stdlib", "sha256": "b6276147ae83bd9c5567f608d8651a83854b54b2c6c9e1b28057a9de0f972548", "imports": ["_hashlib"], "shared_library": true, "depends": ["openssl"]}, "html5lib": {"name": "html5lib", "version": "1.1", "file_name": "html5lib-1.1-py2.py3-none-any.whl", "install_dir": "site", "sha256": "0405ced62db319b541b0f368ea981a9f7cb4fffd703ddf5f3e00a04dc2b77fa8", "imports": ["html5lib"], "depends": ["webencodings", "six"]}, "imageio": {"name": "imageio", "version": "2.22.4", "file_name": "imageio-2.22.4-py3-none-any.whl", "install_dir": "site", "sha256": "cb74588c4cf73dc131839d815b84374da4a6a1cb679a52409683b50d0396cf88", "imports": ["imageio"], "depends": ["numpy", "pillow"]}, "iniconfig": {"name": "iniconfig", "version": "1.1.1", "file_name": "iniconfig-1.1.1-py2.py3-none-any.whl", "install_dir": "site", "sha256": "ec1a5945d0d398a35accf724b6e367cb6e902b95a0e5e80e808851e261209533", "imports": ["iniconfig"], "depends": []}, "jedi": {"name": "jedi", "version": "0.18.2", "file_name": "jedi-0.18.2-py2.py3-none-any.whl", "install_dir": "site", "sha256": "6cc69321f80aaa6ad7d12e41f170131897ff2c26c2f7e6ac5cdae7121535b732", "imports": ["jedi"], "depends": ["parso"], "unvendored_tests": true}, "jedi-tests": {"name": "jedi-tests", "version": "0.18.2", "depends": ["jedi"], "imports": [], "file_name": "jedi-tests.tar", "install_dir": "site", "sha256": "0dd263b4959a5c686a1a21177673cb59c1730edca974c68b364cca14ecc50295"}, "jinja2": {"name": "Jinja2", "version": "3.1.2", "file_name": "Jinja2-3.1.2-py3-none-any.whl", "install_dir": "site", "sha256": "f3d672c452fac91a939ed14553616fc69deef8ebaf58bcb223f6aeb2b8bf26a2", "imports": ["jinja2"], "depends": ["markupsafe"]}, "joblib": {"name": "joblib", "version": "1.2.0", "file_name": "joblib-1.2.0-py3-none-any.whl", "install_dir": "site", "sha256": "1d23748d195cc90e01732359185551c43799852001f237e4d9e84ffc126c69ba", "imports": ["joblib"], "depends": ["distutils"], "unvendored_tests": true}, "joblib-tests": {"name": "joblib-tests", "version": "1.2.0", "depends": ["joblib"], "imports": [], "file_name": "joblib-tests.tar", "install_dir": "site", "sha256": "73579f37978b9357f5abe42f7dd1f9a2311f267b6541507f95a5125dcfd70412"}, "jsonschema": {"name": "jsonschema", "version": "4.17.3", "file_name": "jsonschema-4.17.3-py3-none-any.whl", "install_dir": "site", "sha256": "051a1f7108e3bad4dd445b6d4b39ff1e1377612a1c6380b888d91211645bc751", "imports": ["jsonschema"], "depends": ["attrs", "pyrsistent"], "unvendored_tests": true}, "jsonschema-tests": {"name": "jsonschema-tests", "version": "4.17.3", "depends": ["jsonschema"], "imports": [], "file_name": "jsonschema-tests.tar", "install_dir": "site", "sha256": "d95d0bdbc5b4ee1fc0359b796e2d25436cfcd0d94d0ffb26afd339c5f93d164a"}, "kiwisolver": {"name": "kiwisolver", "version": "1.4.4", "file_name": "kiwisolver-1.4.4-cp310-cp310-emscripten_3_1_27_wasm32.whl", "install_dir": "site", "sha256": "79d7db93ec4b9d58afac31d706dfa656563fc53a2b044e8a00882ff953f99171", "imports": ["kiwisolver"], "depends": []}, "lazy-object-proxy": {"name": "lazy-object-proxy", "version": "1.8.0", "file_name": "lazy_object_proxy-1.8.0-cp310-cp310-emscripten_3_1_27_wasm32.whl", "install_dir": "site", "sha256": "086871ca7af90ef09342faa61bc9e256b018d23aa2a46502757fe390662e6d16", "imports": ["lazy_object_proxy"], "depends": []}, "libhdf5": {"name": "libhdf5", "version": "1.12.1", "file_name": "libhdf5-1.12.1.zip", "install_dir": "dynlib", "sha256": "b014988098b293b2ddfb8bf0a35c9a7f35f704847ab4e3dc9984e7953b8a610c", "imports": [], "shared_library": true, "depends": []}, "libheif": {"name": "libheif", "version": "1.12.0", "file_name": "libheif-1.12.0.zip", "install_dir": "dynlib", "sha256": "879d587c5fd3882df38cca3a8c93ca57ec9152cd3ea319b94431618545cee43d", "imports": [], "shared_library": true, "depends": []}, "libmagic": {"name": "libmagic", "version": "5.42", "file_name": "libmagic-5.42.zip", "install_dir": "dynlib", "sha256": "b19207f2ee7cb02fad5cda8eccb660e872d06e7fc57815070fc1770b2aa1a58f", "imports": [], "shared_library": true, "depends": []}, "lightgbm": {"name": "lightgbm", "version": "3.3.3", "file_name": "lightgbm-3.3.3-py3-none-any.whl", "install_dir": "site", "sha256": "8a204b3f7c76ee8ea404412c0f8be0224ea50e11b9c98b0151fcdd794f3ffb2a", "imports": ["lightgbm"], "depends": ["numpy", "scipy", "scikit-learn"]}, "logbook": {"name": "logbook", "version": "1.5.3", "file_name": "Logbook-1.5.3-cp310-cp310-emscripten_3_1_27_wasm32.whl", "install_dir": "site", "sha256": "5c62ebb835561d146d9b6031aea7907cf990385f3ea08f3fed073bb7ec37237e", "imports": ["logbook"], "depends": []}, "lxml": {"name": "lxml", "version": "4.9.2", "file_name": "lxml-4.9.2-cp310-cp310-emscripten_3_1_27_wasm32.whl", "install_dir": "site", "sha256": "134d3f2acb69732922f7729cf23c0b28274f1143374cbe021c0c85fc31afaebb", "imports": ["lxml"], "depends": []}, "lzma": {"name": "lzma", "version": "1.0.0", "file_name": "lzma-1.0.0.zip", "install_dir": "stdlib", "sha256": "993d29de14da5cd946171d40e792fd077035a50399adbeb1bf898b6ada651ce7", "imports": ["lzma", "_lzma"], "shared_library": true, "depends": []}, "markupsafe": {"name": "MarkupSafe", "version": "2.1.1", "file_name": "MarkupSafe-2.1.1-cp310-cp310-emscripten_3_1_27_wasm32.whl", "install_dir": "site", "sha256": "30812b005227bdc4122aae3cf0bc64530e9db0c34ffbe4e96b6bd1130ebace30", "imports": ["markupsafe"], "depends": []}, "matplotlib": {"name": "matplotlib", "version": "3.5.2", "file_name": "matplotlib-3.5.2-cp310-cp310-emscripten_3_1_27_wasm32.whl", "install_dir": "site", "sha256": "f37a01aaab8163de474611074ecb898fa3a2656cab06c3f63a9d2d7b31fdbdda", "imports": ["pylab", "mpl_toolkits", "matplotlib"], "depends": ["cycler", "distutils", "fonttools", "kiwisolver", "numpy", "packaging", "pillow", "pyparsing", "python-dateutil", "pytz", "matplotlib-pyodide"], "unvendored_tests": true}, "matplotlib-pyodide": {"name": "matplotlib-pyodide", "version": "0.1.1", "file_name": "matplotlib_pyodide-0.1.1-py3-none-any.whl", "install_dir": "site", "sha256": "38e404e66a30c7eb10acbeda739b340165b0d4479aee1c27510ed7c948e7ae3b", "imports": ["matplotlib_pyodide"], "depends": []}, "matplotlib-tests": {"name": "matplotlib-tests", "version": "3.5.2", "depends": ["matplotlib"], "imports": [], "file_name": "matplotlib-tests.tar", "install_dir": "site", "sha256": "6aaad9b83c83474890ac887b0a83fec882f9e714e574afe3166b4dacd0883de9"}, "micropip": {"name": "micropip", "version": "0.2.0", "file_name": "micropip-0.2.0-py3-none-any.whl", "install_dir": "site", "sha256": "9bc2720f4da16c11543a50567b8c24660119047286cb9557f2965581ade60a5e", "imports": ["micropip"], "depends": ["pyparsing", "packaging"]}, "mne": {"name": "mne", "version": "1.2.3", "file_name": "mne-1.2.3-py3-none-any.whl", "install_dir": "site", "sha256": "08580ef2a4697b140f7ca0775679a57890f4c5c1ecd59cd8e351e2cfb582bb94", "imports": ["mne"], "depends": ["distutils", "numpy", "scipy", "setuptools", "decorator"], "unvendored_tests": true}, "mne-tests": {"name": "mne-tests", "version": "1.2.3", "depends": ["mne"], "imports": [], "file_name": "mne-tests.tar", "install_dir": "site", "sha256": "86761a2a0cdb96a6e160e7b8698a994b43fe47a05f04887d9ff9779c082da5ca"}, "more-itertools": {"name": "more-itertools", "version": "9.0.0", "file_name": "more_itertools-9.0.0-py3-none-any.whl", "install_dir": "site", "sha256": "42e9f651ef2feecae95ee48bdc263bc5887c0548153e9d97e3ff9331ce17e47d", "imports": ["more_itertools"], "depends": []}, "mpmath": {"name": "mpmath", "version": "1.2.1", "file_name": "mpmath-1.2.1-py3-none-any.whl", "install_dir": "site", "sha256": "38e8b99a955154858e8c939dc799201074ca004d662d1c1cafe4ed0ea1bd7344", "imports": ["mpmath"], "depends": [], "unvendored_tests": true}, "mpmath-tests": {"name": "mpmath-tests", "version": "1.2.1", "depends": ["mpmath"], "imports": [], "file_name": "mpmath-tests.tar", "install_dir": "site", "sha256": "e4ce5b37ebff4c1e3ba6c94e580e6c2dcd38a33d61ac30485b7ada540c8f607e"}, "msgpack": {"name": "msgpack", "version": "1.0.4", "file_name": "msgpack-1.0.4-cp310-cp310-emscripten_3_1_27_wasm32.whl", "install_dir": "site", "sha256": "2ea45bde8ee83d9ca3058fad96b32f77e711e095e226e110517756b89da60ffe", "imports": ["msgpack"], "depends": []}, "msprime": {"name": "msprime", "version": "1.2.0", "file_name": "msprime-1.2.0-cp310-cp310-emscripten_3_1_27_wasm32.whl", "install_dir": "site", "sha256": "5befb7813d2f6c13154b7ab3288e7cd8271059a14fbe23a9e993adf213f6405f", "imports": ["msprime"], "depends": ["numpy", "newick", "tskit", "demes"]}, "munch": {"name": "munch", "version": "2.5.0", "file_name": "munch-2.5.0-py2.py3-none-any.whl", "install_dir": "site", "sha256": "3b2d08014025dd6766de0d2199322bb277550885f6a5f1c2cb49b8a6e3556306", "imports": ["munch"], "depends": ["setuptools", "six"]}, "networkx": {"name": "networkx", "version": "2.8.8", "file_name": "networkx-2.8.8-py3-none-any.whl", "install_dir": "site", "sha256": "1ccdf6afe646550a8b9bb6759efd5aed3afb726bc5c752cec3709314f0ff4518", "imports": ["networkx"], "depends": ["decorator", "setuptools", "matplotlib", "numpy"], "unvendored_tests": true}, "networkx-tests": {"name": "networkx-tests", "version": "2.8.8", "depends": ["networkx"], "imports": [], "file_name": "networkx-tests.tar", "install_dir": "site", "sha256": "dabee7c518ab0ccc3c51c97b769d9802c0ad8c2194dc37c865a34509eba0bb02"}, "newick": {"name": "newick", "version": "1.4.0", "file_name": "newick-1.4.0-py2.py3-none-any.whl", "install_dir": "site", "sha256": "37a5fc368a954ff0542c7315c9023d5bfa5767161053d9673b91ff9a83332a83", "imports": ["newick"], "depends": []}, "nlopt": {"name": "nlopt", "version": "2.7.0", "file_name": "nlopt-2.7.0-cp310-cp310-emscripten_3_1_27_wasm32.whl", "install_dir": "site", "sha256": "171f871ce1e2d151f72f84aedb42c861fa513c7bf720c78738bcc99904b22b21", "imports": ["nlopt"], "depends": ["numpy"]}, "nltk": {"name": "nltk", "version": "3.8", "file_name": "nltk-3.8-py3-none-any.whl", "install_dir": "site", "sha256": "45b18cb7a42c0e7994eb1939aca5568c1df7b21ef14ac77e101bf8e6f68e2b8b", "imports": ["nltk"], "depends": ["regex", "sqlite3"], "unvendored_tests": true}, "nltk-tests": {"name": "nltk-tests", "version": "3.8", "depends": ["nltk"], "imports": [], "file_name": "nltk-tests.tar", "install_dir": "site", "sha256": "f30c85bcea7f7a7b64c2e7032127899978844037a9d12522e413e1eb0c8c1cbf"}, "nose": {"name": "nose", "version": "1.3.7", "file_name": "nose-1.3.7-py3-none-any.whl", "install_dir": "site", "sha256": "c3b99ddbe13df6de26f6bd1b53fabc894fffc26d6da80eed4bafa4565a519e35", "imports": ["nose"], "depends": ["setuptools"]}, "numcodecs": {"name": "numcodecs", "version": "0.11.0", "file_name": "numcodecs-0.11.0-cp310-cp310-emscripten_3_1_27_wasm32.whl", "install_dir": "site", "sha256": "658dfb8d8779bb8cebc57e1ec44a92ae5ea86e996ca482fbb66801c81c822c65", "imports": ["numcodecs"], "depends": ["numpy", "msgpack"], "unvendored_tests": true}, "numcodecs-tests": {"name": "numcodecs-tests", "version": "0.11.0", "depends": ["numcodecs"], "imports": [], "file_name": "numcodecs-tests.tar", "install_dir": "site", "sha256": "1313f9185d47e0870b1343260243d7f5828f9bc3a8de4e710b078dda8a1b6ea5"}, "numpy": {"name": "numpy", "version": "1.23.5", "file_name": "numpy-1.23.5-cp310-cp310-emscripten_3_1_27_wasm32.whl", "install_dir": "site", "sha256": "f790ec2d8cdf394a058d84ba96c36cbc59d3ac6edae1caaab80a8102e57fdcbd", "imports": ["numpy"], "depends": [], "unvendored_tests": true}, "numpy-tests": {"name": "numpy-tests", "version": "1.23.5", "depends": ["numpy"], "imports": [], "file_name": "numpy-tests.tar", "install_dir": "site", "sha256": "aec26d80f0d77273a999afe1378b45186a09379bf0a76c23222cf5143410e6ea"}, "opencv-python": {"name": "opencv-python", "version": "4.6.0.66", "file_name": "opencv_python-4.6.0.66-cp310-cp310-emscripten_3_1_27_wasm32.whl", "install_dir": "site", "sha256": "7493feb5c5ed84931730f92c66ac632fd27fdf871b79caea03aab4e9b7da068d", "imports": ["cv2"], "depends": ["numpy"]}, "openssl": {"name": "openssl", "version": "1.1.1n", "file_name": "openssl-1.1.1n.zip", "install_dir": "dynlib", "sha256": "192ba59ccc91962d35d7adf9181c69ae4f0cd1717604604e4ccc50ee8bb3167b", "imports": [], "shared_library": true, "depends": []}, "optlang": {"name": "optlang", "version": "1.6.1", "file_name": "optlang-1.6.1-py2.py3-none-any.whl", "install_dir": "site", "sha256": "34916dad73bbce950640b32b0570edee2360ab31de351485281520f4abfb8a9a", "imports": ["optlang"], "depends": ["sympy", "six", "swiglpk"], "unvendored_tests": true}, "optlang-tests": {"name": "optlang-tests", "version": "1.6.1", "depends": ["optlang"], "imports": [], "file_name": "optlang-tests.tar", "install_dir": "site", "sha256": "14da497d9360d0539d5d9dc9c260e644bb4155b68042dbc41ff2df61f872ba02"}, "packaging": {"name": "packaging", "version": "21.3", "file_name": "packaging-21.3-py3-none-any.whl", "install_dir": "site", "sha256": "0cd0baff6d767ec7bebd94d946379597b8be2e0b851947e1b059a49dd8281c5d", "imports": ["packaging"], "depends": ["pyparsing"]}, "pandas": {"name": "pandas", "version": "1.5.2", "file_name": "pandas-1.5.2-cp310-cp310-emscripten_3_1_27_wasm32.whl", "install_dir": "site", "sha256": "f0f02c2e0f1b4363320c4052fc5a17ea0e1725e85cedb66957a9be45c4b09beb", "imports": ["pandas"], "depends": ["distutils", "numpy", "python-dateutil", "pytz", "setuptools", "jinja2"], "unvendored_tests": true}, "pandas-tests": {"name": "pandas-tests", "version": "1.5.2", "depends": ["pandas"], "imports": [], "file_name": "pandas-tests.tar", "install_dir": "site", "sha256": "b89fa5f708d078fc6282d83366efe1518a51670cd9056fe8aebc6e15c5691bcc"}, "parso": {"name": "parso", "version": "0.8.3", "file_name": "parso-0.8.3-py2.py3-none-any.whl", "install_dir": "site", "sha256": "9e12fc4838fc3a00d2aaed516f152ccc5f8812d75f9b1d2064fcc7c26ee390d7", "imports": ["parso"], "depends": []}, "patsy": {"name": "patsy", "version": "0.5.3", "file_name": "patsy-0.5.3-py2.py3-none-any.whl", "install_dir": "site", "sha256": "04e234cc3c6cdb7a83775f5039fe80124fab0ca7e208d81a92b3eb418d5bedbf", "imports": ["patsy"], "depends": ["numpy", "six"], "unvendored_tests": true}, "patsy-tests": {"name": "patsy-tests", "version": "0.5.3", "depends": ["patsy"], "imports": [], "file_name": "patsy-tests.tar", "install_dir": "site", "sha256": "450c308f70678e00f25e616f1ce393021a67d2d0dd0fb703e6067dd2522c595d"}, "pillow": {"name": "Pillow", "version": "9.1.1", "file_name": "PIL-9.1.1-cp310-cp310-emscripten_3_1_27_wasm32.whl", "install_dir": "site", "sha256": "0435e6b29f91d37698feaa34bedde6e11f7ce2c6b55ee8eca9934ffa7d465fe8", "imports": ["PIL"], "depends": []}, "pillow_heif": {"name": "pillow_heif", "version": "0.8.0", "file_name": "pillow_heif-0.8.0-cp36-abi3-emscripten_3_1_27_wasm32.whl", "install_dir": "site", "sha256": "600eb9983f9fca8e14fe0bc0d0940a0bfa7bb53a020b5413a5f3e6834245b87a", "imports": ["pillow_heif"], "depends": ["cffi", "pillow", "libheif"]}, "pkgconfig": {"name": "pkgconfig", "version": "1.5.5", "file_name": "pkgconfig-1.5.5-py3-none-any.whl", "install_dir": "site", "sha256": "0e18489f273c58bcf1d76a17eca9f3b1679d3684c527e6e19174fe53e36c11a1", "imports": ["pkgconfig"], "depends": []}, "pluggy": {"name": "pluggy", "version": "1.0.0", "file_name": "pluggy-1.0.0-py2.py3-none-any.whl", "install_dir": "site", "sha256": "c72d1d4425bc23c32cad0007a4cf14572fb4125e373345a907dba561d28b528d", "imports": ["pluggy"], "depends": []}, "py": {"name": "py", "version": "1.11.0", "file_name": "py-1.11.0-py2.py3-none-any.whl", "install_dir": "site", "sha256": "fb2bf1a04058ccb9456379a60511a935a026fd56b4c9d5880c873ca34d35891e", "imports": ["py"], "depends": []}, "pyb2d": {"name": "pyb2d", "version": "0.7.2", "file_name": "b2d-0.7.4-cp310-cp310-emscripten_3_1_27_wasm32.whl", "install_dir": "site", "sha256": "5b855ac1fc9cae510315bef477629e6d23c669e36f523eff023b23da3928941e", "imports": ["b2d"], "depends": ["numpy", "pydantic", "setuptools"]}, "pyclipper": {"name": "pyclipper", "version": "1.3.0.post4", "file_name": "pyclipper-1.3.0.post4-cp310-cp310-emscripten_3_1_27_wasm32.whl", "install_dir": "site", "sha256": "fe44871b7a0bc0d0328e8669e86094b4f9f757cab4b3b4052b7dbe15c7940cf5", "imports": ["pyclipper"], "depends": []}, "pycparser": {"name": "pycparser", "version": "2.21", "file_name": "pycparser-2.21-py2.py3-none-any.whl", "install_dir": "site", "sha256": "73428d0b77435bb4aca5ce8c8c4fd98e6d96e73fd996dd1c18d14b9ca68ee548", "imports": ["pycparser"], "depends": []}, "pycryptodome": {"name": "pycryptodome", "version": "3.16.0", "file_name": "pycryptodome-3.16.0-cp35-abi3-emscripten_3_1_27_wasm32.whl", "install_dir": "site", "sha256": "7a4a41a694f5e70fc6de0a592e780c526934e486b11637526731391beaf05f37", "imports": ["Crypto"], "depends": [], "unvendored_tests": true}, "pycryptodome-tests": {"name": "pycryptodome-tests", "version": "3.16.0", "depends": ["pycryptodome"], "imports": [], "file_name": "pycryptodome-tests.tar", "install_dir": "site", "sha256": "9fdfd0c1fc843707c67e5587b9fbe63d93c7d1695f473854896cc8a245b064dc"}, "pydantic": {"name": "pydantic", "version": "1.10.2", "file_name": "pydantic-1.10.2-cp310-cp310-emscripten_3_1_27_wasm32.whl", "install_dir": "site", "sha256": "9999cdc482c9e20ec7412be8e92e92b72a89d5ae2858b86870a0f533f447ecbe", "imports": ["pydantic"], "depends": ["typing-extensions"]}, "pyerfa": {"name": "pyerfa", "version": "2.0.0.1", "file_name": "pyerfa-2.0.0.1-cp310-cp310-emscripten_3_1_27_wasm32.whl", "install_dir": "site", "sha256": "c735a42b77ac0045c47c2edd9a134825d86689adce50215aef76d1be7f551c9d", "imports": ["erfa"], "depends": ["numpy"], "unvendored_tests": true}, "pyerfa-tests": {"name": "pyerfa-tests", "version": "2.0.0.1", "depends": ["pyerfa"], "imports": [], "file_name": "pyerfa-tests.tar", "install_dir": "site", "sha256": "202c13ddb0aa94154df6ea5acf49ea2e59b92a962e3388a49c9206da203006b9"}, "pygments": {"name": "Pygments", "version": "2.13.0", "file_name": "Pygments-2.13.0-py3-none-any.whl", "install_dir": "site", "sha256": "2ce77448cd7a15f6c8b1bba54048e20e7b3e832a1077654b9edfe17fa66975f7", "imports": ["pygments"], "depends": []}, "pyheif": {"name": "pyheif", "version": "0.7.1", "file_name": "pyheif-0.7.1-cp310-cp310-emscripten_3_1_27_wasm32.whl", "install_dir": "site", "sha256": "676292ea1a43521987caabea19a1c097e82b3e9548091da7b69097413bca5fb8", "imports": ["pyheif"], "depends": ["cffi"]}, "pyinstrument": {"name": "pyinstrument", "version": "4.4.0", "file_name": "pyinstrument-4.4.0-cp310-cp310-emscripten_3_1_27_wasm32.whl", "install_dir": "site", "sha256": "2467d31fe4d798074c80ed4b6aa7776603cc20705b46a8e9e7ac9bd779f39d6c", "imports": ["pyinstrument"], "depends": []}, "pyodide-http": {"name": "pyodide-http", "version": "0.2.0", "file_name": "pyodide_http-0.2.0-py3-none-any.whl", "install_dir": "site", "sha256": "4dcd15c28bc16b366f575327ec680a7df2c3f9c470d74fc84ff20589c243a330", "imports": ["pyodide_http"], "depends": []}, "pyparsing": {"name": "pyparsing", "version": "3.0.9", "file_name": "pyparsing-3.0.9-py3-none-any.whl", "install_dir": "site", "sha256": "e7b6fbc388ecdb2fc06d7653001dac118374ba1bcd3c7f3b0675e056c2c0b31c", "imports": ["pyparsing"], "depends": []}, "pyproj": {"name": "pyproj", "version": "3.4.1", "file_name": "pyproj-3.4.1-cp310-cp310-emscripten_3_1_27_wasm32.whl", "install_dir": "site", "sha256": "63b3d71b0ecacf0a204f98c2f0244b12db2e182675d28c1b5b95c3040bb76bf3", "imports": ["pyproj"], "depends": ["certifi", "sqlite3"]}, "pyrsistent": {"name": "pyrsistent", "version": "0.19.2", "file_name": "pyrsistent-0.19.2-cp310-cp310-emscripten_3_1_27_wasm32.whl", "install_dir": "site", "sha256": "a531ea996d1aa44bf686356539a36681577d2520ec206b80c55c4c69d78664a6", "imports": ["_pyrsistent_version", "pyrsistent"], "depends": []}, "pytest": {"name": "pytest", "version": "7.2.0", "file_name": "pytest-7.2.0-py3-none-any.whl", "install_dir": "site", "sha256": "e8d60c7af2e9b99b672932ebcdb423c04744751a280c6e4dbb2dead78ba097dd", "imports": ["_pytest", "pytest"], "depends": ["atomicwrites", "attrs", "more-itertools", "pluggy", "py", "setuptools", "six", "iniconfig", "exceptiongroup"]}, "pytest-benchmark": {"name": "pytest-benchmark", "version": "4.0.0", "file_name": "pytest_benchmark-4.0.0-py3-none-any.whl", "install_dir": "site", "sha256": "6b7c03664bad68746d48a5561fc6e9c87f3ae9f1577719fc6555298abfac1fee", "imports": ["pytest_benchmark"], "depends": []}, "python-dateutil": {"name": "python-dateutil", "version": "2.8.2", "file_name": "python_dateutil-2.8.2-py2.py3-none-any.whl", "install_dir": "site", "sha256": "e16f063b794b68030363e34349e4c2b3fdd71650b8a1feda60c9726ffb9a4402", "imports": ["dateutil"], "depends": ["six"]}, "python-magic": {"name": "python-magic", "version": "0.4.27", "file_name": "python_magic-0.4.27-py2.py3-none-any.whl", "install_dir": "site", "sha256": "7b028a14d27926c8f5ddc02f0f92ca94c9b052bf6f7918f48e65ffd5b7f8f596", "imports": ["magic"], "depends": ["libmagic"]}, "python-sat": {"name": "python-sat", "version": "0.1.7.dev21", "file_name": "python_sat-0.1.7.dev21-cp310-cp310-emscripten_3_1_27_wasm32.whl", "install_dir": "site", "sha256": "99432d76092cf8e9cc357df367c8dd18d45dcb6ab144a2e48bff54dcb47de9d9", "imports": ["pysat"], "depends": ["six"]}, "python_solvespace": {"name": "python_solvespace", "version": "3.0.8", "file_name": "python_solvespace-3.0.8-cp310-cp310-emscripten_3_1_27_wasm32.whl", "install_dir": "site", "sha256": "9613da657d0c63fcff82c1deac7d64af54b89c910ddd3a743a81c3e8f82eff17", "imports": ["python_solvespace"], "depends": []}, "pytz": {"name": "pytz", "version": "2022.7", "file_name": "pytz-2022.7-py2.py3-none-any.whl", "install_dir": "site", "sha256": "21e6f9cfe652dc1c8541ab3dd8bb753e61b8c0f0fad8aa858853c09a011b76ef", "imports": ["pytz"], "depends": []}, "pywavelets": {"name": "pywavelets", "version": "1.4.1", "file_name": "PyWavelets-1.4.1-cp310-cp310-emscripten_3_1_27_wasm32.whl", "install_dir": "site", "sha256": "268619f861dcf8205a3e295462754314a54cd925b55872a6fbb63b13e3671b6f", "imports": ["pywt"], "depends": ["distutils", "numpy", "matplotlib", "scipy"], "unvendored_tests": true}, "pywavelets-tests": {"name": "pywavelets-tests", "version": "1.4.1", "depends": ["pywavelets"], "imports": [], "file_name": "pywavelets-tests.tar", "install_dir": "site", "sha256": "d1f10dbbaeb2357fa0e361bc562b5bbd4b9c2fc54bbe3114dbb9f01b5cb7919b"}, "pyyaml": {"name": "pyyaml", "version": "6.0", "file_name": "PyYAML-6.0-cp310-cp310-emscripten_3_1_27_wasm32.whl", "install_dir": "site", "sha256": "c3471e545a4f1a8c8b2b8fe4f08a5eb6c84982d34fd329102b76472751dfe8d0", "imports": ["_yaml", "yaml"], "depends": []}, "rebound": {"name": "rebound", "version": "3.19.8", "file_name": "rebound-3.19.8-cp310-cp310-emscripten_3_1_27_wasm32.whl", "install_dir": "site", "sha256": "554d1e85fed1472afbbc73e7889a3cfa06c9a9ad64539cef67a5f2c9531d287f", "imports": ["rebound"], "depends": ["numpy"]}, "reboundx": {"name": "reboundx", "version": "3.7.1", "file_name": "reboundx-3.7.1-cp310-cp310-emscripten_3_1_27_wasm32.whl", "install_dir": "site", "sha256": "27177dfad8ee37bf8a3c2f08b2ed26c71305f972c2f96a93b61e1fc683d3509e", "imports": ["reboundx"], "depends": ["rebound", "numpy"]}, "regex": {"name": "regex", "version": "2022.10.31", "file_name": "regex-2022.10.31-cp310-cp310-emscripten_3_1_27_wasm32.whl", "install_dir": "site", "sha256": "3683b3558705172357ae67a57cc7743454cb3bdb928e318089fea4d5f11ff0cf", "imports": ["regex"], "depends": [], "unvendored_tests": true}, "regex-tests": {"name": "regex-tests", "version": "2022.10.31", "depends": ["regex"], "imports": [], "file_name": "regex-tests.tar", "install_dir": "site", "sha256": "6151e231bf4c7897fc78bbd1393204e3eeeced7578af344f4aa51178ec40c25f"}, "retrying": {"name": "retrying", "version": "1.3.4", "file_name": "retrying-1.3.4-py3-none-any.whl", "install_dir": "site", "sha256": "4ddd34013edaa316b39176fac4c7e0d0a39ba4771759b97f08b2c388731a239c", "imports": ["retrying"], "depends": ["six"]}, "robotraconteur": {"name": "RobotRaconteur", "version": "0.15.1", "file_name": "RobotRaconteur-0.15.1-cp310-cp310-emscripten_3_1_27_wasm32.whl", "install_dir": "site", "sha256": "d14858d061e8db884829b2fd3372100ee0c3410fd00e1c2f21648f48afd5affc", "imports": ["RobotRaconteur"], "depends": ["numpy"]}, "ruamel.yaml": {"name": "ruamel.yaml", "version": "0.17.21", "file_name": "ruamel.yaml-0.17.21-py3-none-any.whl", "install_dir": "site", "sha256": "4df8fc0d741ff26eec05ad07f0447a2d2977bba4876cf08b0bc4f235be84ad2c", "imports": ["ruamel"], "depends": []}, "scikit-image": {"name": "scikit-image", "version": "0.19.3", "file_name": "scikit_image-0.19.3-cp310-cp310-emscripten_3_1_27_wasm32.whl", "install_dir": "site", "sha256": "8ce3947956d7fd85b53719c78d885bf7681f26e4c2dd3c7b84cb0028d96c2f37", "imports": ["skimage"], "depends": ["distutils", "packaging", "numpy", "scipy", "matplotlib", "networkx", "pillow", "imageio", "pywavelets"], "unvendored_tests": true}, "scikit-image-tests": {"name": "scikit-image-tests", "version": "0.19.3", "depends": ["scikit-image"], "imports": [], "file_name": "scikit-image-tests.tar", "install_dir": "site", "sha256": "b880540e043d825c0b236494dd6e5602984e0204d40c672be42b6ba867b731f7"}, "scikit-learn": {"name": "scikit-learn", "version": "1.2.0", "file_name": "scikit_learn-1.2.0-cp310-cp310-emscripten_3_1_27_wasm32.whl", "install_dir": "site", "sha256": "3b6b7afac03c8899dbfb41ebcbdb5c5543496d1a184b4a530c6db56114e38d28", "imports": ["sklearn"], "depends": ["scipy", "joblib", "threadpoolctl"], "unvendored_tests": true}, "scikit-learn-tests": {"name": "scikit-learn-tests", "version": "1.2.0", "depends": ["scikit-learn"], "imports": [], "file_name": "scikit-learn-tests.tar", "install_dir": "site", "sha256": "8268006f38daf15d8351025b2af3eff242c79ae674c043302d38ec7c68edb17d"}, "scipy": {"name": "scipy", "version": "1.9.3", "file_name": "scipy-1.9.3-cp310-cp310-emscripten_3_1_27_wasm32.whl", "install_dir": "site", "sha256": "fe576407e69f349185203cf17a95f920c6cb4e4354b8709939bf851fb780f63a", "imports": ["scipy"], "depends": ["numpy", "clapack"], "unvendored_tests": true}, "scipy-tests": {"name": "scipy-tests", "version": "1.9.3", "depends": ["scipy"], "imports": [], "file_name": "scipy-tests.tar", "install_dir": "site", "sha256": "1d83d201a194b4a52ea5a669f7a8b6efa1b92cff6a14000fdbbcaa12d62fc084"}, "setuptools": {"name": "setuptools", "version": "65.6.3", "file_name": "setuptools-65.6.3-py3-none-any.whl", "install_dir": "site", "sha256": "279da883fe85e8372381523ac6e3cc0230c01af9da237db46f99cbc3b5a1446f", "imports": ["_distutils_hack", "pkg_resources", "setuptools"], "depends": ["distutils", "pyparsing"]}, "shapely": {"name": "shapely", "version": "1.8.2", "file_name": "Shapely-1.8.2-cp310-cp310-emscripten_3_1_27_wasm32.whl", "install_dir": "site", "sha256": "6da34a890c18a6f920893171102cc9424c0261068cd5503cc88352d78b6744aa", "imports": ["shapely"], "depends": ["numpy"], "unvendored_tests": true}, "shapely-tests": {"name": "shapely-tests", "version": "1.8.2", "depends": ["shapely"], "imports": [], "file_name": "shapely-tests.tar", "install_dir": "site", "sha256": "b4cb3e92daea25c613ec966795ef9d8998c87874b73409342159518989094025"}, "sharedlib-test": {"name": "sharedlib-test", "version": "1.0", "file_name": "sharedlib-test-1.0.zip", "install_dir": "dynlib", "sha256": "3cc5dccd1c1d21f33f05f2b8a75d737f5abc52c187e4dcbff413cd6cfa3ba4ff", "imports": [], "shared_library": true, "depends": []}, "sharedlib-test-py": {"name": "sharedlib-test-py", "version": "1.0", "file_name": "sharedlib_test_py-1.0-cp310-cp310-emscripten_3_1_27_wasm32.whl", "install_dir": "site", "sha256": "d53cccf0a2c2d5e34ff6516a5928882389352e7c8c49305e0a170eb6c900924f", "imports": ["sharedlib_test"], "depends": ["sharedlib-test"]}, "six": {"name": "six", "version": "1.16.0", "file_name": "six-1.16.0-py2.py3-none-any.whl", "install_dir": "site", "sha256": "3eaae52f4b0de9a9936a61906cfba75643cf9a3bca76b555c39a1af5eb3a556f", "imports": ["six"], "depends": []}, "smart_open": {"name": "smart_open", "version": "6.3.0", "file_name": "smart_open-6.3.0-py3-none-any.whl", "install_dir": "site", "sha256": "c5ff9984ed17b8710420598701a0a24be28ef9b03c7c1e81747aa98bc7e0b905", "imports": ["smart_open"], "depends": []}, "soupsieve": {"name": "soupsieve", "version": "2.3.2.post1", "file_name": "soupsieve-2.3.2.post1-py3-none-any.whl", "install_dir": "site", "sha256": "5f2287631b955d786ad538f38b5b98cd1e7adce8bb3c6e296c0189fc359f9bae", "imports": ["soupsieve"], "depends": []}, "sparseqr": {"name": "sparseqr", "version": "1.2", "file_name": "sparseqr-1.2-cp310-cp310-emscripten_3_1_27_wasm32.whl", "install_dir": "site", "sha256": "e370b43c05b7c88cc999ed2ae0309f3a3e8897cae7cc4555db444a54cb6b69f8", "imports": ["sparseqr"], "depends": ["pycparser", "cffi", "numpy", "scipy", "suitesparse", "distutils"]}, "sqlalchemy": {"name": "sqlalchemy", "version": "1.4.45", "file_name": "SQLAlchemy-1.4.45-cp310-cp310-emscripten_3_1_27_wasm32.whl", "install_dir": "site", "sha256": "bb77fdcba7a6ca2fd7945c15389e3508dee5ff572bc26e3d7e2bbac01b6348b2", "imports": ["sqlalchemy"], "depends": ["sqlite3"], "unvendored_tests": true}, "sqlalchemy-tests": {"name": "sqlalchemy-tests", "version": "1.4.45", "depends": ["sqlalchemy"], "imports": [], "file_name": "sqlalchemy-tests.tar", "install_dir": "site", "sha256": "c86bcc1adf9f51041797dd644b210fe79378cacd753282cda7ff0990baef2838"}, "sqlite3": {"name": "sqlite3", "version": "1.0.0", "file_name": "sqlite3-1.0.0.zip", "install_dir": "stdlib", "sha256": "0d1b4bff8e89b57633dc63989225c88e54ed86e7c7476c7ab7f5cd4638019819", "imports": ["sqlite3", "_sqlite3"], "shared_library": true, "depends": []}, "ssl": {"name": "ssl", "version": "1.0.0", "file_name": "ssl-1.0.0.zip", "install_dir": "stdlib", "sha256": "7d8290f08252fc2e47b40eec7d7697101c31a2ac82cc935afc34c240ca2e8427", "imports": ["ssl", "_ssl"], "shared_library": true, "depends": ["openssl"]}, "statsmodels": {"name": "statsmodels", "version": "0.13.5", "file_name": "statsmodels-0.13.5-cp310-cp310-emscripten_3_1_27_wasm32.whl", "install_dir": "site", "sha256": "55181dc0b115e4f012bab8eecd96e213465d2374ab08852c7bcf01b5d09f3b25", "imports": ["statsmodels"], "depends": ["distutils", "numpy", "scipy", "pandas", "patsy", "packaging"], "unvendored_tests": true}, "statsmodels-tests": {"name": "statsmodels-tests", "version": "0.13.5", "depends": ["statsmodels"], "imports": [], "file_name": "statsmodels-tests.tar", "install_dir": "site", "sha256": "35c133d5dbc2948f7af64eebedfc36937e3ef6619af2d63cbdd9f4b7609a51d1"}, "suitesparse": {"name": "suitesparse", "version": "5.11.0", "file_name": "suitesparse-5.11.0.zip", "install_dir": "dynlib", "sha256": "95fabd36ec754f06beede033e73512b717ee65cbc8ef7bbd302fd06ca6dd929e", "imports": [], "shared_library": true, "depends": ["clapack"]}, "svgwrite": {"name": "svgwrite", "version": "1.4.3", "file_name": "svgwrite-1.4.3-py3-none-any.whl", "install_dir": "site", "sha256": "aff3f0fb74add47565a6a2cebc79954d85b644154378ec58498aafb476867f74", "imports": ["svgwrite"], "depends": []}, "swiglpk": {"name": "swiglpk", "version": "5.0.8", "file_name": "swiglpk-5.0.8-cp310-cp310-emscripten_3_1_27_wasm32.whl", "install_dir": "site", "sha256": "b81c109bacb7e91d6ebd34754175d33cfa4b897052ea6355892cbab09da000c1", "imports": ["swiglpk"], "depends": []}, "sympy": {"name": "sympy", "version": "1.11.1", "file_name": "sympy-1.11.1-py3-none-any.whl", "install_dir": "site", "sha256": "02cdf47d8efcb23eb3f0b968edbc5aaebe1f694445028528866f07e8b0640cd9", "imports": ["isympy", "sympy"], "depends": ["distutils", "mpmath"], "unvendored_tests": true}, "sympy-tests": {"name": "sympy-tests", "version": "1.11.1", "depends": ["sympy"], "imports": [], "file_name": "sympy-tests.tar", "install_dir": "site", "sha256": "1fac42ca8246dd4f416424d9c75c71ca2a9e3fd5f7c1ef35c204b24272da6291"}, "tblib": {"name": "tblib", "version": "1.7.0", "file_name": "pyodide_tblib-1.7.1-py3-none-any.whl", "install_dir": "site", "sha256": "b1a4985fd6850fd66f1a1f3f58b87dc73500b08bf3d5c78f51f65b8fbb431230", "imports": ["tblib"], "depends": []}, "termcolor": {"name": "termcolor", "version": "2.1.1", "file_name": "termcolor-2.1.1-py3-none-any.whl", "install_dir": "site", "sha256": "fbd465ed12b2e964f8320b8299823b5ad1b75d781cb2936763dbdb9051c5fcdf", "imports": ["termcolor"], "depends": []}, "test": {"name": "test", "version": "1.0.0", "file_name": "test-1.0.0.zip", "install_dir": "stdlib", "sha256": "1445b2bf6ffd9ebd7f3cb3cc65fe985821a14807276215bba640ac39800af1a4", "imports": ["test"], "shared_library": true, "depends": []}, "threadpoolctl": {"name": "threadpoolctl", "version": "3.1.0", "file_name": "threadpoolctl-3.1.0-py3-none-any.whl", "install_dir": "site", "sha256": "eea0cac36b01ed013712f6a76eae0f1a45e6fe330cbaeae6db998e067ef31007", "imports": ["threadpoolctl"], "depends": []}, "tomli": {"name": "tomli", "version": "2.0.1", "file_name": "tomli-2.0.1-py3-none-any.whl", "install_dir": "site", "sha256": "939de3e7a6161af0c887ef91b7d41a53e7c5a1ca976325f429cb46ea9bc30ecc", "depends": [], "imports": ["tomli"]}, "tomli-w": {"name": "tomli-w", "version": "1.0.0", "file_name": "tomli_w-1.0.0-py3-none-any.whl", "install_dir": "site", "sha256": "8c7362edc136c686d3548810040a53242bbf6681a24814bd528880b9b6b1fe53", "imports": ["tomli_w"], "depends": []}, "toolz": {"name": "toolz", "version": "0.12.0", "file_name": "toolz-0.12.0-py3-none-any.whl", "install_dir": "site", "sha256": "401f47ba0c91a70c2715a43d6f91b75cd2e5a3e2a995350cca97bcd472f3c16d", "imports": ["tlz", "toolz"], "depends": [], "unvendored_tests": true}, "toolz-tests": {"name": "toolz-tests", "version": "0.12.0", "depends": ["toolz"], "imports": [], "file_name": "toolz-tests.tar", "install_dir": "site", "sha256": "8172ddeb084a3a650f2a4692e9e6949b4a6099e11e1052bcf5f181dc098b7d69"}, "tqdm": {"name": "tqdm", "version": "4.64.1", "file_name": "tqdm-4.64.1-py2.py3-none-any.whl", "install_dir": "site", "sha256": "82e2111fdc8691b8907c225d04f9ea61e8b5fc133942dd5b150c36f476253ca2", "imports": ["tqdm"], "depends": []}, "traits": {"name": "traits", "version": "6.4.1", "file_name": "traits-6.4.1-cp310-cp310-emscripten_3_1_27_wasm32.whl", "install_dir": "site", "sha256": "dbaf699a5b9e4759657028b338282930dab34096b323ead7dddb5103ee208aeb", "imports": ["traits"], "depends": [], "unvendored_tests": true}, "traits-tests": {"name": "traits-tests", "version": "6.4.1", "depends": ["traits"], "imports": [], "file_name": "traits-tests.tar", "install_dir": "site", "sha256": "a4fa7aa4a6878a41b4b72b4888cbb484063d846e21662f93a02bf189b869a8cb"}, "tskit": {"name": "tskit", "version": "0.5.3", "file_name": "tskit-0.5.3-cp310-cp310-emscripten_3_1_27_wasm32.whl", "install_dir": "site", "sha256": "61acb4d705bfa286ab6be0f894e7e476def667863a4493d983b8a3c996d580fe", "imports": ["tskit"], "depends": ["numpy", "svgwrite", "jsonschema"]}, "typing-extensions": {"name": "typing-extensions", "version": "4.4.0", "file_name": "typing_extensions-4.4.0-py3-none-any.whl", "install_dir": "site", "sha256": "329123efe0fb5f6408cfeba434f4fc830d365332c8a9470d11a0284f9835a7f0", "imports": ["typing_extensions"], "depends": []}, "uncertainties": {"name": "uncertainties", "version": "3.1.7", "file_name": "uncertainties-3.1.7-py2.py3-none-any.whl", "install_dir": "site", "sha256": "7360d4934a7a0b70bfa20a76f25bba0a5a02b9390fd8208c8f52ded6b10ccb3d", "imports": ["uncertainties"], "depends": ["future"], "unvendored_tests": true}, "uncertainties-tests": {"name": "uncertainties-tests", "version": "3.1.7", "depends": ["uncertainties"], "imports": [], "file_name": "uncertainties-tests.tar", "install_dir": "site", "sha256": "945f01aecfe605da2c7e8ea8ed4e8657cf9f8e30db18081016661514cc6f522d"}, "unyt": {"name": "unyt", "version": "2.9.3", "file_name": "unyt-2.9.3-py2.py3-none-any.whl", "install_dir": "site", "sha256": "6822701b5f425971d749deb7ef0997791beb046a5f99f598d63a903921312ae2", "imports": ["unyt"], "depends": ["numpy", "sympy"], "unvendored_tests": true}, "unyt-tests": {"name": "unyt-tests", "version": "2.9.3", "depends": ["unyt"], "imports": [], "file_name": "unyt-tests.tar", "install_dir": "site", "sha256": "46574bc00063d4bc670a12e98d7797d0507119bac4292f3c2dbd5fce92fe8a55"}, "webencodings": {"name": "webencodings", "version": "0.5.1", "file_name": "webencodings-0.5.1-py2.py3-none-any.whl", "install_dir": "site", "sha256": "a796b784dec32b54dc55a5881bf174b25e793155f7cb3408b9a7f147e6d33c62", "imports": ["webencodings"], "depends": []}, "wordcloud": {"name": "wordcloud", "version": "1.8.2.2", "file_name": "wordcloud-1.8.2.2-cp310-cp310-emscripten_3_1_27_wasm32.whl", "install_dir": "site", "sha256": "416bf31f81efdb31d803efd5a3e516bb417f496b8beedf944ba7a6356dab30ff", "imports": ["wordcloud"], "depends": ["matplotlib"]}, "wrapt": {"name": "wrapt", "version": "1.14.1", "file_name": "wrapt-1.14.1-cp310-cp310-emscripten_3_1_27_wasm32.whl", "install_dir": "site", "sha256": "7e18faed8e09b214ee15d5409168ecad9ef3606509a88cd0667bb6bcfd92db5c", "imports": ["wrapt"], "depends": []}, "xarray": {"name": "xarray", "version": "2022.12.0", "file_name": "xarray-2022.12.0-py3-none-any.whl", "install_dir": "site", "sha256": "ac7348cde89bfe8281c117c24d1ac4510104a228915d715856fd04fe19603772", "imports": ["xarray"], "depends": ["numpy", "packaging", "pandas"], "unvendored_tests": true}, "xarray-tests": {"name": "xarray-tests", "version": "2022.12.0", "depends": ["xarray"], "imports": [], "file_name": "xarray-tests.tar", "install_dir": "site", "sha256": "4d9a98d8ee2f554029d599694ee3d70bd65f50642c53609bb9d77f34bba671f4"}, "xgboost": {"name": "xgboost", "version": "1.6.1", "file_name": "xgboost-1.6.1-cp310-cp310-emscripten_3_1_27_wasm32.whl", "install_dir": "site", "sha256": "28e3e4335069269aaa98fb98dfcd232804befb5a2ad4fee28a74c46b0bfcadde", "imports": ["xgboost"], "depends": ["numpy", "scipy", "setuptools"]}, "xlrd": {"name": "xlrd", "version": "2.0.1", "file_name": "xlrd-2.0.1-py2.py3-none-any.whl", "install_dir": "site", "sha256": "81e4ae5197a621bac2dd68bed5693f0b1ebd773560127fef2f3f8da36d9f48aa", "imports": ["xlrd"], "depends": []}, "yt": {"name": "yt", "version": "4.1.2", "file_name": "yt-4.1.2-cp310-cp310-emscripten_3_1_27_wasm32.whl", "install_dir": "site", "sha256": "a1721f789a7d6e96eed35476990b7242f7156aa83ecd9811d6a25bf12c4f7121", "imports": ["yt"], "depends": ["numpy", "matplotlib", "sympy", "setuptools", "packaging", "unyt", "cmyt", "colorspacious", "tqdm", "tomli", "tomli-w"]}, "zarr": {"name": "zarr", "version": "2.13.3", "file_name": "zarr-2.13.3-py3-none-any.whl", "install_dir": "site", "sha256": "8ff385c5ab47af01070adc8b530b7fee7130cbf032cafc8fa8c3c4e973c8b037", "imports": ["zarr"], "depends": ["numpy", "asciitree", "numcodecs"], "unvendored_tests": true}, "zarr-tests": {"name": "zarr-tests", "version": "2.13.3", "depends": ["zarr"], "imports": [], "file_name": "zarr-tests.tar", "install_dir": "site", "sha256": "8c3b9d2df2e0b45028b3ce9aedcf7f2a5b230aa2e6c017099b4a44c0aca9cff5"}, "htmltools": {"name": "htmltools", "version": "0.4.1", "file_name": "htmltools-0.4.1-py3-none-any.whl", "install_dir": "site", "sha256": "075570ad2deed061fbe3fb6f15b459ead1c3491eec927e901fd4457f3f7591b1", "depends": ["typing-extensions", "packaging"], "imports": ["htmltools"]}, "shiny": {"name": "shiny", "version": "0.6.0", "file_name": "shiny-0.6.0-py3-none-any.whl", "install_dir": "site", "sha256": "8a14c3f8f861d949b6a3d33ce8dc9677955a9da6d979d1d2421c21197a68296e", "depends": ["typing-extensions", "uvicorn", "starlette", "python-multipart", "htmltools", "click", "markdown-it-py", "mdit-py-plugins", "linkify-it-py", "appdirs", "asgiref"], "imports": ["shiny"]}, "shinywidgets": {"name": "shinywidgets", "version": "0.2.2", "file_name": "shinywidgets-0.2.2-py3-none-any.whl", "install_dir": "site", "sha256": "b5d2546c5650451900d9cf37dbc6b2496303a6f8dfe66fba12d6e57e5c9330f0", "depends": ["ipywidgets", "jupyter-core", "shiny", "python-dateutil"], "imports": ["shinywidgets"]}, "shinyswatch": {"name": "shinyswatch", "version": "0.4.1", "file_name": "shinyswatch-0.4.1-py3-none-any.whl", "install_dir": "site", "sha256": "6e11d5b22dac3b724d5fd8d17bd381b300ee9c336271109c2361e061796f7ba8", "depends": ["typing-extensions", "packaging", "htmltools", "shiny"], "imports": ["shinyswatch"]}, "faicons": {"name": "faicons", "version": "0.2.1.9000", "file_name": "faicons-0.2.1.9000-py3-none-any.whl", "install_dir": "site", "sha256": "ca06344b979ba53c9c712653771855cebc5e3f36d745d3ca0a88ed42e18308d8", "depends": ["htmltools"], "imports": ["faicons"]}, "mdit-py-plugins": {"name": "mdit-py-plugins", "version": "0.4.0", "file_name": "mdit_py_plugins-0.4.0-py3-none-any.whl", "install_dir": "site", "sha256": "b51b3bb70691f57f974e257e367107857a93b36f322a9e6d44ca5bf28ec2def9", "depends": ["markdown-it-py"], "imports": ["mdit_py_plugins"]}, "mizani": {"name": "mizani", "version": "0.0.post20+g57f00ad", "file_name": "mizani-0.0.0-py3-none-any.whl", "install_dir": "site", "sha256": "ba0e32808b4c91eaf160f8a79d15d5d8d85897d32085f8a96228284a43fae456", "depends": ["numpy", "scipy", "pandas", "matplotlib", "tzdata"], "imports": ["mizani"]}, "plotnine": {"name": "plotnine", "version": "0.0.post20+g64295e1", "file_name": "plotnine-0.0.0-py3-none-any.whl", "install_dir": "site", "sha256": "d2ce25fad27ede4bdeb0397cf03758b2d5b900068020918e6b7328826beb362d", "depends": ["matplotlib", "mizani", "numpy", "pandas", "patsy", "scipy", "statsmodels"], "imports": ["plotnine"]}, "plotly": {"name": "plotly", "version": "5.18.0", "file_name": "plotly-5.18.0-py3-none-any.whl", "install_dir": "site", "sha256": "23aa8ea2f4fb364a20d34ad38235524bd9d691bf5299e800bca608c31e8db8de", "depends": ["tenacity", "packaging"], "imports": ["plotly"]}, "seaborn": {"name": "seaborn", "version": "0.13.0", "file_name": "seaborn-0.13.0-py3-none-any.whl", "install_dir": "site", "sha256": "70d740828c48de0f402bb17234e475eda687e3c65f4383ea25d0cc4728f7772e", "depends": ["numpy", "pandas", "matplotlib"], "imports": ["seaborn"]}, "ipywidgets": {"name": "ipywidgets", "version": "8.0.6", "file_name": "ipywidgets-8.0.6-py3-none-any.whl", "install_dir": "site", "sha256": "a60bf8d2528997e05ac83fd19ea2fbe65f2e79fbe1b2b35779bdfc46c2941dcc", "depends": ["ipython", "traitlets", "jupyterlab-widgets"], "imports": ["ipywidgets"]}, "ipyleaflet": {"name": "ipyleaflet", "version": "0.17.4", "file_name": "ipyleaflet-0.17.4-py3-none-any.whl", "install_dir": "site", "sha256": "e322a7ed3a2592a5e837f2a7fe5dda0ba050cb39148df0bee0d9e4deb7c9ff8c", "depends": ["ipywidgets", "traittypes", "xyzservices", "branca"], "imports": ["ipyleaflet"]}, "siuba": {"name": "siuba", "version": "0.4.4", "file_name": "siuba-0.4.4-py3-none-any.whl", "install_dir": "site", "sha256": "07a6b2a02f39e53a8fdb1f1a3a7c49bce182346901e99df1d073e5427cf9e9dc", "depends": ["pandas", "numpy", "SQLAlchemy", "PyYAML"], "imports": ["siuba"]}, "palmerpenguins": {"name": "palmerpenguins", "version": "0.1.4", "file_name": "palmerpenguins-0.1.4-py3-none-any.whl", "install_dir": "site", "sha256": "63c904db3dcef10e4ff1372f9b7f50a8f44c7364cc03f27f9a487fe5762d159c", "depends": ["pandas", "numpy"], "imports": ["palmerpenguins"]}, "black": {"name": "black", "version": "23.10.1", "file_name": "black-23.10.1-py3-none-any.whl", "install_dir": "site", "sha256": "d431e6739f727bb2e0495df64a6c7a5310758e87505f5f8cde9ff6c0f2d7e4fe", "depends": ["click", "mypy-extensions", "packaging", "pathspec", "platformdirs"], "imports": ["black"]}, "uvicorn": {"name": "uvicorn", "version": "0.23.2", "file_name": "uvicorn-0.23.2-py3-none-any.whl", "install_dir": "site", "sha256": "1f9be6558f01239d4fdf22ef8126c39cb1ad0addf76c40e760549d2c2f43ab53", "depends": ["click", "h11"], "imports": ["uvicorn"]}, "starlette": {"name": "starlette", "version": "0.31.1", "file_name": "starlette-0.31.1-py3-none-any.whl", "install_dir": "site", "sha256": "009fb98ecd551a55017d204f033c58b13abcd4719cb5c41503abbf6d260fde11", "depends": ["anyio"], "imports": ["starlette"]}, "python-multipart": {"name": "python-multipart", "version": "0.0.6", "file_name": "python_multipart-0.0.6-py3-none-any.whl", "install_dir": "site", "sha256": "ee698bab5ef148b0a760751c261902cd096e57e10558e11aca17646b74ee1c18", "depends": [], "imports": ["multipart"]}, "markdown-it-py": {"name": "markdown-it-py", "version": "3.0.0", "file_name": "markdown_it_py-3.0.0-py3-none-any.whl", "install_dir": "site", "sha256": "355216845c60bd96232cd8d8c40e8f9765cc86f46880e43a8fd22dc1a1a8cab1", "depends": ["mdurl"], "imports": ["markdown_it"]}, "linkify-it-py": {"name": "linkify-it-py", "version": "2.0.2", "file_name": "linkify_it_py-2.0.2-py3-none-any.whl", "install_dir": "site", "sha256": "a3a24428f6c96f27370d7fe61d2ac0be09017be5190d68d8658233171f1b6541", "depends": ["uc-micro-py"], "imports": ["linkify_it"]}, "appdirs": {"name": "appdirs", "version": "1.4.4", "file_name": "appdirs-1.4.4-py2.py3-none-any.whl", "install_dir": "site", "sha256": "a841dacd6b99318a741b166adb07e19ee71a274450e68237b4650ca1055ab128", "depends": [], "imports": ["appdirs"]}, "asgiref": {"name": "asgiref", "version": "3.7.2", "file_name": "asgiref-3.7.2-py3-none-any.whl", "install_dir": "site", "sha256": "89b2ef2247e3b562a16eef663bc0e2e703ec6468e2fa8a5cd61cd449786d4f6e", "depends": [], "imports": ["asgiref"]}, "jupyter-core": {"name": "jupyter-core", "version": "5.5.0", "file_name": "jupyter_core-5.5.0-py3-none-any.whl", "install_dir": "site", "sha256": "e11e02cd8ae0a9de5c6c44abf5727df9f2581055afe00b22183f621ba3585805", "depends": ["platformdirs", "traitlets"], "imports": ["jupyter_core"]}, "tzdata": {"name": "tzdata", "version": "2023.3", "file_name": "tzdata-2023.3-py2.py3-none-any.whl", "install_dir": "site", "sha256": "7e65763eef3120314099b6939b5546db7adce1e7d6f2e179e3df563c70511eda", "depends": [], "imports": ["tzdata"]}, "tenacity": {"name": "tenacity", "version": "8.2.3", "file_name": "tenacity-8.2.3-py3-none-any.whl", "install_dir": "site", "sha256": "ce510e327a630c9e1beaf17d42e6ffacc88185044ad85cf74c0a8887c6a0f88c", "depends": [], "imports": ["tenacity"]}, "ipython": {"name": "ipython", "version": "8.17.2", "file_name": "ipython-8.17.2-py3-none-any.whl", "install_dir": "site", "sha256": "1e4d1d666a023e3c93585ba0d8e962867f7a111af322efff6b9c58062b3e5444", "depends": ["decorator", "jedi", "matplotlib-inline", "prompt-toolkit", "pygments", "stack-data", "traitlets"], "imports": ["ipython"]}, "traitlets": {"name": "traitlets", "version": "5.13.0", "file_name": "traitlets-5.13.0-py3-none-any.whl", "install_dir": "site", "sha256": "baf991e61542da48fe8aef8b779a9ea0aa38d8a54166ee250d5af5ecf4486619", "depends": [], "imports": ["traitlets"]}, "jupyterlab-widgets": {"name": "jupyterlab-widgets", "version": "3.0.9", "file_name": "jupyterlab_widgets-3.0.9-py3-none-any.whl", "install_dir": "site", "sha256": "3cf5bdf5b897bf3bccf1c11873aa4afd776d7430200f765e0686bd352487b58d", "depends": [], "imports": ["jupyterlab_widgets"]}, "traittypes": {"name": "traittypes", "version": "0.2.1", "file_name": "traittypes-0.2.1-py2.py3-none-any.whl", "install_dir": "site", "sha256": "1340af133810b6eee1a2eb2e988f862b0d12b6c2d16f282aaf3207b782134c2e", "depends": ["traitlets"], "imports": ["traittypes"]}, "xyzservices": {"name": "xyzservices", "version": "2023.10.1", "file_name": "xyzservices-2023.10.1-py3-none-any.whl", "install_dir": "site", "sha256": "6a4c38d3a9f89d3e77153eff9414b36a8ee0850c9e8b85796fd1b2a85b8dfd68", "depends": [], "imports": ["xyzservices"]}, "branca": {"name": "branca", "version": "0.6.0", "file_name": "branca-0.6.0-py3-none-any.whl", "install_dir": "site", "sha256": "ae706fc7a88dd0296a58bb11c0cb3c6be358491a3b0abee08fe16b4db17814c0", "depends": ["jinja2"], "imports": ["branca"]}, "mypy-extensions": {"name": "mypy-extensions", "version": "1.0.0", "file_name": "mypy_extensions-1.0.0-py3-none-any.whl", "install_dir": "site", "sha256": "4392f6c0eb8a5668a69e23d168ffa70f0be9ccfd32b5cc2d26a34ae5b844552d", "depends": [], "imports": ["mypy_extensions"]}, "pathspec": {"name": "pathspec", "version": "0.11.2", "file_name": "pathspec-0.11.2-py3-none-any.whl", "install_dir": "site", "sha256": "1d6ed233af05e679efb96b1851550ea95bbb64b7c490b0f5aa52996c11e92a20", "depends": [], "imports": ["pathspec"]}, "platformdirs": {"name": "platformdirs", "version": "3.11.0", "file_name": "platformdirs-3.11.0-py3-none-any.whl", "install_dir": "site", "sha256": "e9d171d00af68be50e9202731309c4e658fd8bc76f55c11c7dd760d023bda68e", "depends": [], "imports": ["platformdirs"]}, "h11": {"name": "h11", "version": "0.14.0", "file_name": "h11-0.14.0-py3-none-any.whl", "install_dir": "site", "sha256": "e3fe4ac4b851c468cc8363d500db52c2ead036020723024a109d37346efaa761", "depends": [], "imports": ["h11"]}, "anyio": {"name": "anyio", "version": "4.0.0", "file_name": "anyio-4.0.0-py3-none-any.whl", "install_dir": "site", "sha256": "cfdb2b588b9fc25ede96d8db56ed50848b0b649dca3dd1df0b11f683bb9e0b5f", "depends": ["idna", "sniffio", "exceptiongroup"], "imports": ["anyio"]}, "mdurl": {"name": "mdurl", "version": "0.1.2", "file_name": "mdurl-0.1.2-py3-none-any.whl", "install_dir": "site", "sha256": "84008a41e51615a49fc9966191ff91509e3c40b939176e643fd50a5c2196b8f8", "depends": [], "imports": ["mdurl"]}, "uc-micro-py": {"name": "uc-micro-py", "version": "1.0.2", "file_name": "uc_micro_py-1.0.2-py3-none-any.whl", "install_dir": "site", "sha256": "8c9110c309db9d9e87302e2f4ad2c3152770930d88ab385cd544e7a7e75f3de0", "depends": [], "imports": ["uc_micro"]}, "matplotlib-inline": {"name": "matplotlib-inline", "version": "0.1.6", "file_name": "matplotlib_inline-0.1.6-py3-none-any.whl", "install_dir": "site", "sha256": "f1f41aab5328aa5aaea9b16d083b128102f8712542f819fe7e6a420ff581b311", "depends": ["traitlets"], "imports": ["matplotlib_inline"]}, "prompt-toolkit": {"name": "prompt-toolkit", "version": "3.0.39", "file_name": "prompt_toolkit-3.0.39-py3-none-any.whl", "install_dir": "site", "sha256": "9dffbe1d8acf91e3de75f3b544e4842382fc06c6babe903ac9acb74dc6e08d88", "depends": ["wcwidth"], "imports": ["prompt_toolkit"]}, "stack-data": {"name": "stack-data", "version": "0.6.3", "file_name": "stack_data-0.6.3-py3-none-any.whl", "install_dir": "site", "sha256": "d5558e0c25a4cb0853cddad3d77da9891a08cb85dd9f9f91b9f8cd66e511e695", "depends": ["executing", "asttokens", "pure-eval"], "imports": ["stack_data"]}, "idna": {"name": "idna", "version": "3.4", "file_name": "idna-3.4-py3-none-any.whl", "install_dir": "site", "sha256": "90b77e79eaa3eba6de819a0c442c0b4ceefc341a7a2ab77d7562bf49f425c5c2", "depends": [], "imports": ["idna"]}, "sniffio": {"name": "sniffio", "version": "1.3.0", "file_name": "sniffio-1.3.0-py3-none-any.whl", "install_dir": "site", "sha256": "eecefdce1e5bbfb7ad2eeaabf7c1eeb404d7757c379bd1f7e5cce9d8bf425384", "depends": [], "imports": ["sniffio"]}, "wcwidth": {"name": "wcwidth", "version": "0.2.9", "file_name": "wcwidth-0.2.9-py2.py3-none-any.whl", "install_dir": "site", "sha256": "9a929bd8380f6cd9571a968a9c8f4353ca58d7cd812a4822bba831f8d685b223", "depends": [], "imports": ["wcwidth"]}, "executing": {"name": "executing", "version": "2.0.1", "file_name": "executing-2.0.1-py2.py3-none-any.whl", "install_dir": "site", "sha256": "eac49ca94516ccc753f9fb5ce82603156e590b27525a8bc32cce8ae302eb61bc", "depends": [], "imports": ["executing"]}, "asttokens": {"name": "asttokens", "version": "2.4.1", "file_name": "asttokens-2.4.1-py2.py3-none-any.whl", "install_dir": "site", "sha256": "051ed49c3dcae8913ea7cd08e46a606dba30b79993209636c4875bc1d637bc24", "depends": ["six"], "imports": ["asttokens"]}, "pure-eval": {"name": "pure-eval", "version": "0.2.2", "file_name": "pure_eval-0.2.2-py3-none-any.whl", "install_dir": "site", "sha256": "01eaab343580944bc56080ebe0a674b39ec44a945e6d09ba7db3cb8cec289350", "depends": [], "imports": ["pure_eval"]}}}