{
  "jupyter.lab.shortcuts": [],
  "title": "jupyterlab_cell_status_extension",
  "description": "jupyterlab_cell_status settings.",
  "type": "object",
  "properties": {
    "status_queue": {
      "type": "string",
      "title": "Queue color",
      "description": "The queued-for-execution color for the cell run status",
      "default": "rgba(165, 236, 246, 50%)"
    },
    "status_success": {
      "type": "string",
      "title": "Success color",
      "description": "The base color for the successful cell run status",
      "default": "rgba(0, 255, 0, 50%)"
    },
    "status_error": {
      "type": "string",
      "title": "Error color",
      "description": "The base color for the errored cell run status",
      "default": "rgba(255, 0, 0, 50%)"
    }
  },
  "additionalProperties": false
}
