{
  "jupyter-lite-schema-version": 0,
  "jupyter-config-data": {
    "appName": "JupyterLite",
    "appVersion": "0.1.3",
    "baseUrl": "./",
    "appUrl": "./lab",
    "defaultKernelName": "python",
    "faviconUrl": "./lab/favicon.ico",
    "federated_extensions": [],
    "fullLabextensionsUrl": "./extensions",
    "fullMathjaxUrl": "https://cdnjs.cloudflare.com/ajax/libs/mathjax/2.7.5/MathJax.js",
    "fullStaticUrl": "./build",
    "licensesUrl": "./lab/api/licenses",
    "mathjaxConfig": "TeX-AMS_CHTML-full,Safe"
  }
}
