{
  "jupyter-config-data": {
    "appName": "JupyterLite",
    "appUrl": "./lab",
    "appVersion": "0.2.0",
    "baseUrl": "./",
    "defaultKernelName": "python",
    "faviconUrl": "./lab/favicon.ico",
    "federated_extensions": [
      {
        "extension": "./extension",
        "liteExtension": false,
        "load": "static/remoteEntry.c3551e86769ef3973316.js",
        "name": "@hadim/jupyter-archive",
        "style": "./style"
      },
      {
        "extension": "./extension",
        "liteExtension": false,
        "load": "static/remoteEntry.3ff26e696aa2c37cdbc7.js",
        "name": "@ijmbarr/jupyterlab_spellchecker",
        "style": "./style"
      },
      {
        "extension": "./extension",
        "liteExtension": false,
        "load": "static/remoteEntry.afa6e05b7f74caf58bfb.js",
        "name": "@jupyter-ai/core",
        "style": "./style"
      },
      {
        "extension": "./extension",
        "liteExtension": false,
        "load": "static/remoteEntry.a37e37c87d212fe85e13.js",
        "name": "@jupyter-widgets/jupyterlab-manager"
      },
      {
        "liteExtension": false,
        "load": "static/remoteEntry.b15a25cb741a6c7381f8.js",
        "mimeExtension": "./mimeExtension",
        "name": "@jupyterlab/fasta-extension",
        "style": "./style"
      },
      {
        "liteExtension": false,
        "load": "static/remoteEntry.6a76d3e37f02d3977b44.js",
        "mimeExtension": "./mimeExtension",
        "name": "@jupyterlab/geojson-extension",
        "style": "./style"
      },
      {
        "extension": "./extension",
        "liteExtension": true,
        "load": "static/remoteEntry.b251ea2aad2b76ca95d7.js",
        "name": "@jupyterlite/pyodide-kernel-extension"
      },
      {
        "extension": "./extension",
        "liteExtension": false,
        "load": "static/remoteEntry.145e469029155b53b350.js",
        "name": "@timkpaine/jupyterlab_miami_nights"
      },
      {
        "extension": "./extension",
        "liteExtension": false,
        "load": "static/remoteEntry.2916befd91bdb8847e88.js",
        "name": "bqplot"
      },
      {
        "extension": "./extension",
        "liteExtension": false,
        "load": "static/remoteEntry.4d5ef87d14f03accc582.js",
        "name": "ipyevents"
      },
      {
        "extension": "./extension",
        "liteExtension": false,
        "load": "static/remoteEntry.2245c790a510bf1865ea.js",
        "name": "jupyter-matplotlib"
      },
      {
        "extension": "./extension",
        "liteExtension": false,
        "load": "static/remoteEntry.b1d2d6e3d266a1c91696.js",
        "name": "jupyterlab-cell-flash",
        "style": "./style"
      },
      {
        "extension": "./extension",
        "liteExtension": false,
        "load": "static/remoteEntry.398e3c5a267ed99801a8.js",
        "name": "jupyterlab-friendly-traceback",
        "style": "./style"
      },
      {
        "extension": "./extension",
        "liteExtension": false,
        "load": "static/remoteEntry.df4c6203968bf76ea40a.js",
        "name": "jupyterlab-jupytext"
      },
      {
        "extension": "./extension",
        "liteExtension": false,
        "load": "static/remoteEntry.6a37df5d4590b29196a3.js",
        "name": "jupyterlab-night"
      },
      {
        "extension": "./extension",
        "liteExtension": false,
        "load": "static/remoteEntry.56bf4b5dc66a26bcd462.js",
        "mimeExtension": "./mimeExtension",
        "name": "jupyterlab-plotly"
      },
      {
        "extension": "./extension",
        "liteExtension": false,
        "load": "static/remoteEntry.b4861d8944599b59ea1c.js",
        "name": "jupyterlab-skip-traceback",
        "style": "./style"
      },
      {
        "extension": "./extension",
        "liteExtension": false,
        "load": "static/remoteEntry.5a1869d4304cb9223cfc.js",
        "name": "jupyterlab-tour",
        "style": "./style"
      },
      {
        "extension": "./extension",
        "liteExtension": false,
        "load": "static/remoteEntry.a4b7fe28cbbbb52a1928.js",
        "name": "jupyterlab_cell_status_extension",
        "style": "./style"
      },
      {
        "extension": "./extension",
        "liteExtension": false,
        "load": "static/remoteEntry.0e6c1df086a8fedd5a49.js",
        "name": "jupyterlab_ou_brand_extension",
        "style": "./style"
      },
      {
        "extension": "./extension",
        "liteExtension": false,
        "load": "static/remoteEntry.aa1060b2d1221f8e5688.js",
        "name": "jupyterlab_pygments",
        "style": "./style"
      }
    ],
    "fileTypes": {
      "css": {
        "extensions": [
          ".css"
        ],
        "fileFormat": "text",
        "mimeTypes": [
          "text/css"
        ],
        "name": "css"
      },
      "csv": {
        "extensions": [
          ".csv"
        ],
        "fileFormat": "text",
        "mimeTypes": [
          "text/csv"
        ],
        "name": "csv"
      },
      "fasta": {
        "extensions": [
          ".fasta"
        ],
        "fileFormat": "text",
        "mimeTypes": [
          "text/plain"
        ],
        "name": "fasta"
      },
      "geojson": {
        "extensions": [
          ".geojson"
        ],
        "fileFormat": "json",
        "mimeTypes": [
          "application/geo+json"
        ],
        "name": "geojson"
      },
      "gzip": {
        "extensions": [
          ".tgz",
          ".gz",
          ".gzip"
        ],
        "fileFormat": "base64",
        "mimeTypes": [
          "application/gzip"
        ],
        "name": "gzip"
      },
      "html": {
        "extensions": [
          ".html"
        ],
        "fileFormat": "text",
        "mimeTypes": [
          "text/html"
        ],
        "name": "html"
      },
      "ical": {
        "extensions": [
          ".ical",
          ".ics",
          ".ifb",
          ".icalendar"
        ],
        "fileFormat": "text",
        "mimeTypes": [
          "text/calendar"
        ],
        "name": "ical"
      },
      "ico": {
        "extensions": [
          ".ico"
        ],
        "fileFormat": "base64",
        "mimeTypes": [
          "image/x-icon"
        ],
        "name": "ico"
      },
      "ipynb": {
        "extensions": [
          ".ipynb"
        ],
        "fileFormat": "json",
        "mimeTypes": [
          "application/x-ipynb+json"
        ],
        "name": "ipynb"
      },
      "jpeg": {
        "extensions": [
          ".jpeg",
          ".jpg"
        ],
        "fileFormat": "base64",
        "mimeTypes": [
          "image/jpeg"
        ],
        "name": "jpeg"
      },
      "js": {
        "extensions": [
          ".js",
          ".mjs"
        ],
        "fileFormat": "text",
        "mimeTypes": [
          "application/javascript"
        ],
        "name": "js"
      },
      "jsmap": {
        "extensions": [
          ".map"
        ],
        "fileFormat": "json",
        "mimeTypes": [
          "application/json"
        ],
        "name": "jsmap"
      },
      "json": {
        "extensions": [
          ".json"
        ],
        "fileFormat": "json",
        "mimeTypes": [
          "application/json"
        ],
        "name": "json"
      },
      "manifest": {
        "extensions": [
          ".manifest"
        ],
        "fileFormat": "text",
        "mimeTypes": [
          "text/cache-manifest"
        ],
        "name": "manifest"
      },
      "md": {
        "extensions": [
          ".md",
          ".markdown"
        ],
        "fileFormat": "text",
        "mimeTypes": [
          "text/markdown"
        ],
        "name": "md"
      },
      "pdf": {
        "extensions": [
          ".pdf"
        ],
        "fileFormat": "base64",
        "mimeTypes": [
          "application/pdf"
        ],
        "name": "pdf"
      },
      "plain": {
        "extensions": [
          ".txt"
        ],
        "fileFormat": "text",
        "mimeTypes": [
          "text/plain"
        ],
        "name": "plain"
      },
      "png": {
        "extensions": [
          ".png"
        ],
        "fileFormat": "base64",
        "mimeTypes": [
          "image/png"
        ],
        "name": "png"
      },
      "py": {
        "extensions": [
          ".py"
        ],
        "fileFormat": "text",
        "mimeTypes": [
          "text/x-python",
          "application/x-python-code"
        ],
        "name": "py"
      },
      "svg": {
        "extensions": [
          ".svg"
        ],
        "fileFormat": "text",
        "mimeTypes": [
          "image/svg+xml"
        ],
        "name": "svg"
      },
      "toml": {
        "extensions": [
          ".toml"
        ],
        "fileFormat": "text",
        "mimeTypes": [
          "application/toml"
        ],
        "name": "toml"
      },
      "vue": {
        "extensions": [
          ".vue"
        ],
        "fileFormat": "text",
        "mimeTypes": [
          "text/plain"
        ],
        "name": "vue"
      },
      "wasm": {
        "extensions": [
          ".wasm"
        ],
        "fileFormat": "base64",
        "mimeTypes": [
          "application/wasm"
        ],
        "name": "wasm"
      },
      "wheel": {
        "extensions": [
          ".whl"
        ],
        "fileFormat": "base64",
        "mimeTypes": [
          "octet/stream",
          "application/x-wheel+zip"
        ],
        "name": "wheel"
      },
      "xml": {
        "extensions": [
          ".xml"
        ],
        "fileFormat": "text",
        "mimeTypes": [
          "application/xml"
        ],
        "name": "xml"
      },
      "yaml": {
        "extensions": [
          ".yaml",
          ".yml"
        ],
        "fileFormat": "text",
        "mimeTypes": [
          "application/x-yaml"
        ],
        "name": "yaml"
      }
    },
    "fullLabextensionsUrl": "./extensions",
    "fullStaticUrl": "./build",
    "licensesUrl": "./lab/api/licenses",
    "litePluginSettings": {
      "@jupyterlite/pyodide-kernel-extension:kernel": {
        "pipliteUrls": [
          "./extensions/@jupyterlite/pyodide-kernel-extension/static/pypi/all.json?sha256=a5d23eb46ae5db36bf940297c66261c3224b813a7ba8d214f13e3387a9905697"
        ]
      }
    }
  },
  "jupyter-lite-schema-version": 0
}