{
"companyName": "DefaultCompany",
"productName": "Mathsjong",
"productVersion": "0.1",
"dataUrl": "mathsjong-build_webgl.data.unityweb",
"wasmCodeUrl": "mathsjong-build_webgl.wasm.code.unityweb",
"wasmFrameworkUrl": "mathsjong-build_webgl.wasm.framework.unityweb",
"graphicsAPI": ["WebGL 2.0","WebGL 1.0"],
"webglContextAttributes": {"preserveDrawingBuffer": false},
"splashScreenStyle": "Dark",
"backgroundColor": "#231F20",
"cacheControl": {"default": "must-revalidate"},
"developmentBuild": false,
"multithreading": false,
"unityVersion": "2019.4.16f1"
}