{
  "ipykernel": {
    "releases": {
      "6.9.2": [
        {
          "comment_text": "",
          "digests": {
            "md5": "b2e5d923874d625779793ec3470e7adb",
            "sha256": "4ed08daedf653e674e741f187b5cdd4f8b239a130618874fab9a2f34e1a4854f"
          },
          "downloads": -1,
          "filename": "ipykernel-6.9.2-py3-none-any.whl",
          "has_sig": false,
          "md5_digest": "b2e5d923874d625779793ec3470e7adb",
          "packagetype": "bdist_wheel",
          "python_version": "py3",
          "requires_python": ">=3.10",
          "size": 2724,
          "upload_time": "2023-10-27T17:42:02.211680Z",
          "upload_time_iso_8601": "2023-10-27T17:42:02.211680Z",
          "url": "./ipykernel-6.9.2-py3-none-any.whl",
          "yanked": false,
          "yanked_reason": null
        }
      ]
    }
  },
  "piplite": {
    "releases": {
      "0.2.0": [
        {
          "comment_text": "",
          "digests": {
            "md5": "7256a5c2e7914d5166a7e37070141f69",
            "sha256": "a4e4ce9bc276289be00adddbeb69e564daebe223ee68e07b550b3af98cfc5fc9"
          },
          "downloads": -1,
          "filename": "piplite-0.2.0-py3-none-any.whl",
          "has_sig": false,
          "md5_digest": "7256a5c2e7914d5166a7e37070141f69",
          "packagetype": "bdist_wheel",
          "python_version": "py3",
          "requires_python": "<3.12,>=3.11",
          "size": 7158,
          "upload_time": "2023-10-27T17:42:02.211680Z",
          "upload_time_iso_8601": "2023-10-27T17:42:02.211680Z",
          "url": "./piplite-0.2.0-py3-none-any.whl",
          "yanked": false,
          "yanked_reason": null
        }
      ]
    }
  },
  "pyodide-kernel": {
    "releases": {
      "0.2.0": [
        {
          "comment_text": "",
          "digests": {
            "md5": "b77208f300df7b86f0ddce67669c0ddc",
            "sha256": "a22c1a6139c66ef62a269876c0c5db46e27d829e630efb73f7644620cbcf865a"
          },
          "downloads": -1,
          "filename": "pyodide_kernel-0.2.0-py3-none-any.whl",
          "has_sig": false,
          "md5_digest": "b77208f300df7b86f0ddce67669c0ddc",
          "packagetype": "bdist_wheel",
          "python_version": "py3",
          "requires_python": "<3.12,>=3.11",
          "size": 11000,
          "upload_time": "2023-10-27T17:42:02.211680Z",
          "upload_time_iso_8601": "2023-10-27T17:42:02.211680Z",
          "url": "./pyodide_kernel-0.2.0-py3-none-any.whl",
          "yanked": false,
          "yanked_reason": null
        }
      ]
    }
  },
  "widgetsnbextension": {
    "releases": {
      "3.6.6": [
        {
          "comment_text": "",
          "digests": {
            "md5": "6b24e5863629fc673c3ea6ca4c04913e",
            "sha256": "87cc38457af261b827a13aca8577dc23025d8d200cccccfba2505ff7b3f182c9"
          },
          "downloads": -1,
          "filename": "widgetsnbextension-3.6.6-py3-none-any.whl",
          "has_sig": false,
          "md5_digest": "6b24e5863629fc673c3ea6ca4c04913e",
          "packagetype": "bdist_wheel",
          "python_version": "py3",
          "requires_python": "<3.12,>=3.11",
          "size": 2338,
          "upload_time": "2023-10-27T17:42:02.211680Z",
          "upload_time_iso_8601": "2023-10-27T17:42:02.211680Z",
          "url": "./widgetsnbextension-3.6.6-py3-none-any.whl",
          "yanked": false,
          "yanked_reason": null
        }
      ],
      "4.0.9": [
        {
          "comment_text": "",
          "digests": {
            "md5": "bc0e834715e19a02785757a824deb9be",
            "sha256": "6c4892533f6a6974e3c012db9fcf92fd4f0438fc154c0209532670a1722311bf"
          },
          "downloads": -1,
          "filename": "widgetsnbextension-4.0.9-py3-none-any.whl",
          "has_sig": false,
          "md5_digest": "bc0e834715e19a02785757a824deb9be",
          "packagetype": "bdist_wheel",
          "python_version": "py3",
          "requires_python": "<3.12,>=3.11",
          "size": 2338,
          "upload_time": "2023-10-27T17:42:02.211680Z",
          "upload_time_iso_8601": "2023-10-27T17:42:02.211680Z",
          "url": "./widgetsnbextension-4.0.9-py3-none-any.whl",
          "yanked": false,
          "yanked_reason": null
        }
      ]
    }
  }
}